index,Smiles_unify,value,property,scaffold_train_test_label,random_train_test_label
0,C=C[C@H]1CN2CC[C@H]1C[C@@H]2[C@@H](O)c1ccnc2ccc(OC)cc12,0.015333333333333332,cyp_2d6,train,train
3,Cc1cc2c(F)c(Oc3ncnn4cc(OC[C@@H](C)OC(=O)[C@H](N)CC(C)C)c(C)c34)ccc2[nH]1,24.0,cyp_2d6,train,train
4,O=C(Nc1nccs1)N1CCC(Cc2c[nH]cn2)CC1,2.0,cyp_2d6,train,test
5,O=C(CCOc1ccc(C(=O)N2CCNCC2)cc1)N1CCC(Cc2c[nH]cn2)CC1,30.0,cyp_2d6,test,train
6,O=C(CCc1ccc(CN2CCCCC2)cc1)N1CCC(Cc2c[nH]cn2)CC1,3.0,cyp_2d6,train,test
7,O=C(CCOc1ccc(CN2CCCCC2)cc1)N1CCC(Cc2c[nH]cn2)CC1,1.0,cyp_2d6,train,train
8,c1cnc(-c2ccc(OCCCN3CCC(Cc4c[nH]cn4)CC3)cc2)nc1,6.0,cyp_2d6,test,train
13,CCc1nc(N)nc(N)c1-c1ccc2c(c1)N(CCNS(C)(=O)=O)C(=O)C(C)(c1cc(F)cc(F)c1)O2,15.1,cyp_2d6,train,test
14,CCc1nc(N)nc(N)c1-c1ccc2c(c1)N(CCNC(C)=O)C(=O)C(C)(c1cc(F)cc(F)c1)O2,30.0,cyp_2d6,train,train
19,NCc1noc(-c2nn(Cc3ccc(C(N)=O)cc3)c3ccccc23)n1,1.3,cyp_2d6,train,train
22,CCC[C@H](C[C@@H](O)N1CCC[C@@H](Cc2ccc(F)cc2)C1)NC(=O)Nc1cccc(-c2nnnn2C)c1,0.5,cyp_2d6,train,train
23,C[C@H](C[C@@H](O)N1CCC[C@@H](Cc2ccc(F)cc2)C1)NC(=O)Nc1cc(-c2ncco2)cc(-c2ncco2)c1,0.5,cyp_2d6,train,train
24,CC(=O)c1cc(NC(=O)N[C@H](C)CCN2CCC[C@@H](Cc3ccc(F)cc3)C2)cc(C(C)=O)c1,1.3,cyp_2d6,test,train
25,Cc1cc(NC(=O)N[C@H](C)CCN2CCC[C@@H](Cc3ccc(F)cc3)C2)cc(-c2nnnn2C)c1,0.2,cyp_2d6,train,test
26,C[C@H](CCN1CCC[C@@H](Cc2ccc(F)cc2)C1)NC(=O)Nc1cccc(-c2nnnn2C)c1,0.4,cyp_2d6,train,train
27,c1ccc(-c2ccccc2CN(C2CCOCC2)[C@H]2CCNC2)cc1,0.1,cyp_2d6,train,train
32,C[C@@H](N[C@@H]1CCCc2c1[nH]c1ccc(Br)cc21)c1ccccc1,0.16,cyp_2d6,test,train
36,Cc1n[nH]c2cc(N(C)c3ccnc(Nc4cccc(S(N)(=O)=O)c4)n3)ccc12,4.8,cyp_2d6,train,train
50,O=C(N[C@@H]1C[C@H]2CC[C@@H](C1)N2Cc1ccc2cc(F)ccc2c1)c1ccccc1OC1CCCCC1,0.58,cyp_2d6,train,test
59,CC(C)CC1(C(=O)c2cc(F)c3[nH]ccc3c2)CCNC1,1.3,cyp_2d6,test,train
63,COc1ccc2c(c1)CC(CCN(C)C)=C2[C@@H](C)c1cnccn1,12.0,cyp_2d6,train,train
67,COc1ccc(C[C@H](C)CN2C[C@@H]3CCCC[C@@H]3[C@H](C(=O)N3CCN(c4ccc(F)c(F)c4)CC3)C2)cn1,6.5,cyp_2d6,train,train
72,CCCCC1(c2ccc3[nH]ccc3c2)CCNC1,3.4,cyp_2d6,train,test
73,CN(C)C(=O)c1cc2cc(C3(Cc4ccccc4)CCNC3)ccc2[nH]1,2.9,cyp_2d6,train,train
74,c1ccc(CC2(c3c[nH]c4ccccc34)CCNC2)cc1,1.8,cyp_2d6,train,train
81,Cc1ccc2c(c1)CC(CCN(C)C)=C2Cc1cnccn1,6.6,cyp_2d6,train,train
82,CN(C)CCC1=C(Cc2cccnn2)c2ccc(Cl)cc2C1,12.0,cyp_2d6,train,test
86,Cc1cnn(C2CCN(c3nc4ccccc4n3Cc3ccc(F)cc3)CC2)c1,5.4,cyp_2d6,train,train
87,CN(CC1CCOCC1)C1CCN(c2nc3ccccc3n2Cc2ccc(F)cc2)CC1,11.0085,cyp_2d6,train,train
92,CC(C)(C)c1cc(/C=C2\CC/C(=C\c3cc(C(C)(C)C)c(O)c(C(C)(C)C)c3)C2=O)cc(C(C)(C)C)c1O,100.0,cyp_2d6,train,train
101,CN1CCC[C@@H]1CCO[C@](C)(c1ccccc1)c1ccc(Cl)cc1,3.0,cyp_2d6,train,train
104,CC(C)(C)NCc1ccc(Nc2ccnc3cc(Cl)ccc23)cc1O,3.0,cyp_2d6,train,train
112,CN(CC(=O)N1CCCC(c2ccccc2)C1CN1CCCC1)c1ccc(Cl)c(Cl)c1,0.75,cyp_2d6,train,test
116,CC(C)Oc1ccc(S(=O)(=O)Cc2ccc3c(c2)CCNCC3)cn1,1.6,cyp_2d6,test,train
117,O=S(=O)(Cc1ccc2c(c1)CCNCC2)c1ccc(-c2ccc(F)cc2)cc1,0.2,cyp_2d6,train,train
119,c1ccc(CCNCCC2c3ccccc3Sc3ccccc32)cc1,0.26,cyp_2d6,train,test
123,CCN1C[C@H]2CCCC[C@@]2(c2ccc(Cl)c(Cl)c2)C1,0.25,cyp_2d6,train,train
126,CCN(C)CCC1=C(Cc2cnccn2)c2ccccc2C1,4.346,cyp_2d6,train,test
127,c1ccc2c(c1)CC(CCN1CCCC1)=C2Cc1cnccn1,3.385,cyp_2d6,train,train
130,C[C@@H](c1ccccn1)c1c(CCN2CCCC2)sc2ccccc12,2.7,cyp_2d6,train,test
131,Cc1cc(Nc2cc(C)c(C#N)c(NCCOc3ccccc3)n2)n[nH]1,7.2,cyp_2d6,train,test
133,COc1ccccc1CC(c1ccccc1)N1CCNCC1,20.0,cyp_2d6,train,train
134,Cc1cc(Nc2cc(C)c(C#N)c(NCCOc3ccccn3)n2)n[nH]1,29.0,cyp_2d6,train,train
137,N#Cc1c[nH]c2ccc(C3(Cc4ccccc4)CCNC3)cc12,0.8,cyp_2d6,train,train
139,O=C(O)c1ccc(NC(=O)[C@H](C2CCCCC2)n2c(-c3ccc(Cl)cc3)nc3cc(F)c(F)cc32)c(F)c1,50.0,cyp_2d6,train,train
140,O=C(Nc1ccc(-c2nnn[nH]2)cc1F)[C@H](C1CCCCC1)n1c(-c2ccc(Cl)cc2)nc2cc(F)c(F)cc21,31.0,cyp_2d6,train,test
145,N#Cc1ccc(Cl)cc1O[C@H](CCN)c1ccccc1,0.4,cyp_2d6,train,test
146,CC(C)N(CCO)Cc1csc(-c2cn(CC3CCOCC3)c3c(Cl)cccc23)n1,97.8,cyp_2d6,train,train
147,CCc1cccc2cc(CC(O)CNC(C)(C)C)oc12,4.8,cyp_2d6,train,train
148,O=C(C1CCN(c2ccncc2)CC1)N1CC[C@@H](CNS(=O)(=O)/C=C/c2ccc(-c3ccc(Cl)s3)s2)C1,7.97,cyp_2d6,train,train
149,CN(C(=O)CCC(=O)Nc1nccs1)[C@H](CN1CC[C@H](O)C1)c1ccccc1,3.4,cyp_2d6,train,train
150,CN(C(=O)CCC(=O)Nc1ccccc1)[C@H](CN1CC[C@H](O)C1)c1ccccc1,8.6,cyp_2d6,test,train
155,COc1ccccc1/C=C/C(=O)c1cccnc1,1.74,cyp_2d6,train,train
156,COc1ccc(/C=C/C(=O)c2cccnc2)c(OC)c1OC,8.8,cyp_2d6,train,train
164,C1CCN2C[C@H]3C[C@H](CN4CCCC[C@@H]34)[C@H]2C1,60.0,cyp_2d6,train,train
166,CN[C@@H]1CCN(c2ccc(Cl)c(Cl)c2)c2ccccc21,1.5,cyp_2d6,train,train
169,COc1cnc2ccc(=O)n(CCN3CCC(c4nc5cc(C#N)c(C)cc5[nH]4)CC3)c2c1,28.0,cyp_2d6,train,train
171,Cc1cc2c(NC(=O)N[C@@H]3CC(CF)(CF)Oc4c(F)cccc43)cccc2cn1,11.0,cyp_2d6,train,train
175,O=C(NC1CCCCC1)[C@H](C1CCCCC1)n1c(-c2ccc(Cl)cc2)nc2cc(F)c(F)cc21,32.0,cyp_2d6,train,test
182,Cc1cc2ncc3c(n2n1)CN([C@H]1CO[C@H](c2cc(F)c(F)cc2F)[C@@H](N)C1)C3,59.0,cyp_2d6,train,train
183,CC(C)c1nc(C(=O)NCC2CCN(CC3CCOCC3)CC2)c2ccccn12,7.5,cyp_2d6,train,test
185,Cc1cccc(-c2ccc3c(c2)[nH]c(=O)c2nc(-c4c(F)cccc4Cl)[nH]c23)c1,1.6,cyp_2d6,train,train
187,CCCCN1C(=O)C(CC2CCCCC2)NC(=O)C12CCN(Cc1ccc(Oc3ccccc3)cc1)CC2,7.8,cyp_2d6,train,train
188,COc1cc(N2Cc3cn(-c4cccc(S(C)(=O)=O)c4)nc3[C@H]2C(C)C)cc(C)n1,25.65,cyp_2d6,test,train
195,COc1nccnc1[C@H](C)C1=C(CCN(C)C)Cc2cc(F)ccc21,6.4,cyp_2d6,train,train
197,Oc1cccc(-c2ccc3c(-c4ccccc4)c(O)ccc3c2)c1,15.49,cyp_2d6,train,train
198,Oc1cccc(-c2ccc3c(-c4cccc(O)c4)c(O)ccc3c2)c1,24.8,cyp_2d6,train,train
199,Nc1cccc(-c2c(O)ccc3cc(-c4cccc(O)c4)ccc23)c1,40.0,cyp_2d6,train,train
203,Fc1cc(OC(F)(F)C(F)F)cc([C@@](Cc2ccccc2)(Nc2nc3cc(F)cc(F)c3[nH]2)c2ccc(Cl)cn2)c1,40.0,cyp_2d6,train,train
206,CN(C)CCC1=C(Cc2cnccn2)c2ccccc2C1,6.679,cyp_2d6,train,test
209,Fc1cc(OC(F)(F)C(F)F)cc([C@@](Cc2ccccc2)(Nc2nc(C(F)(F)F)cs2)c2ccc(Cl)cn2)c1,40.0,cyp_2d6,train,train
214,Cc1ccc(Sc2ccccc2N2CCNCC2)c(C)c1,9.8,cyp_2d6,train,train
220,Cc1ccccc1[C@H]1[C@@H]2CN(C3=NC(=O)CO3)C[C@H]2CC[C@@H]1O[C@H](CO)c1cc(C(F)(F)F)cc(C(F)(F)F)c1,61.0,cyp_2d6,train,train
226,CC[C@H](N)C(=O)N[C@H](C#N)Cc1ccc(-c2ccccc2)cc1,12.605,cyp_2d6,train,train
228,CN(C(=O)c1ccc(-c2ccc(C(F)(F)F)cc2)cc1)[C@H]1CCN(C(=O)N2CC[C@@H](NCCCc3ccccc3)C2)C1,2.0,cyp_2d6,test,train
235,CN1CCN(c2cn(S(=O)(=O)c3ccc(F)cc3)c3ccccc23)CC1,26.4,cyp_2d6,test,train
238,COc1ncc(F)c(N2Cc3cn(-c4cccc(S(C)(=O)=O)c4)nc3[C@H]2C(C)C)n1,12.71,cyp_2d6,train,test
242,O=C(Nc1ccc(F)cc1)N1N=C(c2ccncc2)CC1c1ccc(F)cc1,44.0,cyp_2d6,train,train
245,CCn1c(C)c(C)c2cc(-n3ccccc3=O)nc(NCc3c(C)cccc3C)c21,18.0,cyp_2d6,test,train
247,O=C(O)/C=C/c1ccc(NC(=O)C2(NC(=O)c3ccc4c(c3)nc(-c3ccoc3)n4C3CCCCC3)CCCC2)cc1,30.0,cyp_2d6,train,train
249,N#Cc1ccc(N[C@@H]2CCN(C(=O)O[C@H]3C4CC5CC3C[C@](C(N)=O)(C5)C4)C2)nc1,25.0,cyp_2d6,train,train
250,N#Cc1cccnc1N[C@H]1CCN(C(=O)O[C@H]2C3CC4CC2C[C@](C(N)=O)(C4)C3)C1,30.0,cyp_2d6,train,train
251,N=C(N)c1ccc(OCCCCCOc2ccc(C(=N)N)cc2)cc1,10.0,cyp_2d6,train,train
256,CC(C)(Cc1c[nH]c2ccccc12)NCC(O)COc1c(C#N)ccc2ccccc12,0.05,cyp_2d6,train,train
259,N#Cc1ccc(C(=O)NCC(=O)NC(c2ccccc2)c2ccc(Cl)cc2)cc1,4.9,cyp_2d6,test,test
266,O=S1(=O)CCC(CNCCCCN(C[C@H]2Cc3ccccc3CN2)[C@H]2CCCc3cccnc32)CC1,1.17,cyp_2d6,train,test
267,CC1(C)CCC(NCc2ccc(CN(C[C@H]3Cc4ccccc4CN3)[C@H]3CCCc4cccnc43)cc2)CC1,0.258,cyp_2d6,train,train
268,CC(C)(CCN(C[C@H]1Cc2ccccc2CN1)[C@H]1CCCc2cccnc21)CNCC1CCOCC1,1.75,cyp_2d6,test,train
273,O=S(=O)(Cc1ccc2c(c1)CCNCC2)c1ccc(-c2ccc(F)c(F)c2)cc1,0.1,cyp_2d6,train,train
279,CNCc1cc(=O)oc2cc(OC)ccc12,10.0,cyp_2d6,train,train
282,Nc1ccc(S(=O)(=O)N2CCN(c3ncc(C(O)(C(F)(F)F)C(F)(F)F)cc3-c3cccnc3)CC2)cn1,27.0,cyp_2d6,train,test
291,CC(C)C[C@H](C[C@@H](O)N1CCC[C@@H](Cc2ccc(F)cc2)C1)NC(=O)Nc1cccc(-c2nnnn2C)c1,0.6,cyp_2d6,train,train
292,CC(C)c1cc(NC(=O)N[C@H](C)C[C@@H](O)N2CCC[C@@H](Cc3ccc(F)cc3)C2)cc(-c2nnnn2C)c1,4.7,cyp_2d6,train,train
294,c1ccc(Cn2nnnc2C(c2ccc3occc3c2)N2CCCN(C3CCC3)CC2)cc1,1.0,cyp_2d6,train,train
296,NC/C=C/CN(C[C@H]1Cc2ccccc2CN1)[C@H]1CCCc2cccnc21,0.51,cyp_2d6,train,test
297,NCC1=C(CN(C[C@H]2Cc3ccccc3CN2)[C@H]2CCCc3cccnc32)CCCC1,0.18,cyp_2d6,train,train
300,Cc1nc(C)c(CNc2nc(C3CC3)nc(Cl)c2C)s1,8.2,cyp_2d6,train,train
309,O=S1(=O)CCC(Oc2ccc3c(c2)CCC2(CCN(C4CCC4)CC2)O3)CC1,6.6,cyp_2d6,train,train
311,CCC[C@@H]1C[C@H](N(C)C(C)C)CC[C@@H]1NC(=O)CNC(=O)c1cccc(C(F)(F)F)c1,20.0,cyp_2d6,train,train
312,CC(C)CC[C@@H]1C[C@H](N(C)C(C)C)CC[C@@H]1NC(=O)CNC(=O)c1cccc(C(F)(F)F)c1,0.01,cyp_2d6,train,train
314,N=C(Nc1ccccc1)Nc1ccccc1,3.4443,cyp_2d6,train,train
322,COc1ccc2[nH]c(SCCCO)nc2c1,4.17,cyp_2d6,train,train
323,COc1ccc2[nH]c(SCc3ccc4ccccc4n3)nc2c1,10.5,cyp_2d6,train,train
332,CC(C)(C)[C@@H](CO)NCC(=O)N1CCc2ccccc2C1C1CCCCC1,0.068,cyp_2d6,train,train
333,CC(C)C[C@@H](CO)NCC(=O)N1CCc2ccccc2C1C1CCCCC1,0.044,cyp_2d6,train,test
334,C[C@@H](O)CNCC(=O)N1CCc2ccccc2[C@@H]1C1CCCCC1,1.4,cyp_2d6,train,test
335,O=C(CNCC1(O)CCCCC1)N1CCc2ccccc2[C@@H]1C1CCCCC1,0.6,cyp_2d6,train,train
336,COc1cc(C[C@H]2CO[C@H](c3ccc(O)c(O)c3)[C@H]2CO)ccc1O,68.1,cyp_2d6,train,train
340,Cc1noc([C@H]2C[C@@H]2C(=O)NCc2ccc(-c3cccc(OC(F)(F)F)c3)c3c2CN(C(=O)NC(C)(C)C)CC3)n1,2.0,cyp_2d6,train,train
343,CCC[C@@H](CCO)Nc1nc(N)nc2cc(OC)ccc12,0.6,cyp_2d6,train,train
352,COc1ccc(C(=O)NC(C)Cc2ccccn2)cc1OC1CCN(C(C)C)CC1,27.1,cyp_2d6,train,train
353,Cn1cc(-c2cnc3ccc4ccc(CS(=O)(=O)NCc5ccccn5)cc4c(=O)c3c2)cn1,46.17,cyp_2d6,train,test
366,CC1(C)CN2C(CS/C(=N\C3CCCCC3)NC3CCCCC3)=CSC2=N1,0.4,cyp_2d6,train,test
368,Nc1ccc(-c2cnc(NC(=O)CN(Cc3ccccc3)C(=O)c3ccncc3)s2)cn1,2.6,cyp_2d6,train,train
370,Fc1cc(OC(F)(F)C(F)F)cc([C@@](Cc2ccccc2)(Nc2nc3ccccc3[nH]2)c2ccc(Cl)cn2)c1,40.0,cyp_2d6,train,train
373,Cn1c(N2CCO[C@@H](c3ccccc3F)C2)nc(-c2ccncn2)cc1=O,32.4,cyp_2d6,train,train
376,CN(C[C@@H]1CCCN1C(=O)C[C@H](N)Cc1cc(F)c(F)cc1F)c1ccc(C#N)cn1,0.9,cyp_2d6,test,train
377,COc1ccc(Cn2c(N3CCC(n4cc(C)cn4)CC3)nc3ccccc32)cc1,7.319,cyp_2d6,train,train
378,CCN(CC)C(=O)c1ccc(C2=CC3(CCCNC3)Oc3ccccc32)cc1,2.2,cyp_2d6,train,train
379,CCN(CC)C(=O)c1cc(C2=CC3(CCNCC3)Oc3ccccc32)cs1,5.7,cyp_2d6,train,train
381,Fc1ccc(Cn2c(C3CNCCS3)nc3ccccc32)cc1,10.85,cyp_2d6,train,train
382,Cc1ccc(C(=O)C2(CCC(C)(C)C)CCNC2)cc1Cl,13.0,cyp_2d6,test,train
383,CC(C)(C)CCC1(C(=O)c2cc3ccccc3s2)CCNC1,12.0,cyp_2d6,train,train
385,O=C(NO)[C@@H]1[C@H](c2ccccc2)[C@H]1c1ccc(-c2cnco2)cc1,2.7,cyp_2d6,test,train
386,CCN(CC(O)(CNC(=O)c1cnn(-c2ccc(F)cc2)c1N)C(F)(F)F)C(=O)c1ccccc1Cl,30.5,cyp_2d6,train,train
393,Nc1c2c(nc3ccccc13)CCCC2,0.3,cyp_2d6,train,train
399,FC(F)Oc1ccccc1CC(c1ccccc1)N1CCNCC1,3.95,cyp_2d6,train,train
400,Fc1ccc(C(Cc2ccccc2OC(F)(F)F)N2CCNCC2)cc1,2.5,cyp_2d6,train,train
405,CS(=O)(=O)Nc1cccc(CC(=O)Nc2cc(-c3ccnc(F)c3)cs2)c1,8.7,cyp_2d6,train,test
413,O=C(/C=C/c1cc([N+](=O)[O-])ccc1Cl)c1ccc[nH]1,12.0,cyp_2d6,test,test
414,O=C(/C=C/c1cccc(Br)c1)c1ccc[nH]1,14.0,cyp_2d6,test,train
416,Cc1ccc(-n2nc(C(C)(C)C)cc2NC(=O)Nc2ccc(-c3nnc(S)n3C)cc2)cc1,4.8,cyp_2d6,train,train
417,Cc1ccc(-n2nc(C(C)(C)C)cc2NC(=O)Nc2ccc(-n3cnnc3)cc2)cc1,5.0,cyp_2d6,train,test
422,NC(=O)[C@]12CC3CC(C1)[C@@H](OC(=O)N1CC[C@@H](Nc4ccc(C(F)(F)F)cn4)C1)C(C3)C2,11.6,cyp_2d6,train,train
423,N#Cc1cccnc1N[C@@H]1CCN(C(=O)O[C@H]2C3CC4CC2C[C@](C(N)=O)(C4)C3)C1,30.0,cyp_2d6,train,train
424,Fc1cccc2c1CCC1(CCN(c3ccc(-c4nnc(Cc5cccnc5)o4)nn3)CC1)O2,27.0,cyp_2d6,train,train
426,CC(C)N1CCN(c2cccc3c2C[C@H](CN(C)[C@H]2CCCc4cccnc42)NC3)CC1,8.13,cyp_2d6,train,train
435,c1ccc2c(c1)CN[C@@H](CN(CC[C@H]1CCCNC1)[C@H]1CCCc3cccnc31)C2,0.11,cyp_2d6,test,train
436,CN1CCN(CCCN(C[C@H]2Cc3ccccc3CN2)[C@H]2CCCc3cccnc32)CC1,5.6,cyp_2d6,train,train
437,CC(C)N1CCN(CCCN(C[C@H]2Cc3ccccc3CN2)[C@H]2CCCc3cccnc32)CC1,6.65,cyp_2d6,train,train
441,Cc1cc(C[C@H](CCCCNCc2ccc(F)cc2)C(=O)NO)cc(C)c1F,0.02,cyp_2d6,test,test
445,COCCOc1ccn2c(-c3ccc4cccc(O[C@@H]5CCNC[C@@H]5F)c4n3)cnc2c1,5.88,cyp_2d6,train,train
448,CCc1ccc(-c2ccc(C(=O)N(C)[C@H]3CCN(C(=O)N4CC[C@@H](NC(C)C)C4)C3)s2)cc1,10.0,cyp_2d6,train,train
451,CN(C)CCN1C(=O)CCc2cc(NC(=N)c3cccs3)ccc21,12.2,cyp_2d6,test,train
453,CC(CCc1ccccc1)NCC(O)c1ccc(O)c(C(N)=O)c1,0.8,cyp_2d6,train,train
455,CC(C)(C)NC[C@H](O)COc1nsnc1N1CCOCC1,11.0,cyp_2d6,train,train
456,CC(C)(C)NCC(O)COc1ccccc1,28.0,cyp_2d6,train,test
457,CC(C)(Cc1c[nH]c2ccccc12)NCC(O)COc1ccc(O)cc1C#N,0.31,cyp_2d6,train,train
461,CS(=O)(=O)N1CCC(Oc2ccc3c(c2)CCN(C2CCC2)CC3)CC1,13.0,cyp_2d6,test,train
462,Cc1cccc(C)c1CNc1nc(N2CCOCC2=O)cc2c(C)c(C)n(CCO)c12,36.0,cyp_2d6,test,train
470,CO[C@@H]1[C@@H](OC)[C@H](C)[C@@](O)(CC(=O)O)O[C@H]1[C@H](C)[C@H]1O[C@@]2(CC[C@@](C)([C@H]3CC[C@@](C)([C@@H]4O[C@@H]([C@H]5O[C@](C)(O)[C@H](C)C[C@@H]5C)C[C@@H]4O[C@@H]4C[C@H](OC)[C@@H](OC)[C@H](C)O4)O3)O2)C[C@H](O)[C@H]1C,1.0,cyp_2d6,test,train
475,CN[C@H]1CC[C@@H](c2ccc(Cl)c(Cl)c2)c2ccccc21,2.88,cyp_2d6,train,test
476,CN1CCN(C2=Nc3cc(Cl)ccc3Nc3ccccc32)CC1,18.0,cyp_2d6,train,train
477,O=C(CCCN1CCC(O)(c2ccc(Cl)cc2)CC1)c1ccc(F)cc1,3.64,cyp_2d6,train,train
481,Cc1c(COc2cccc(OCC3CCOCC3)c2)[nH]c2ccccc2c1=O,8.3,cyp_2d6,train,train
482,CC(C)c1c(COc2cccc(OCC3CCOCC3)c2)[nH]c2ccccc2c1=O,12.4,cyp_2d6,train,test
483,Cc1c(COc2cccc(OCC3CCOCC3)n2)[nH]c2ccccc2c1=O,7.0,cyp_2d6,train,test
486,CCCCOc1cccc(OCc2[nH]c3ccccc3c(=O)c2C)c1,0.78,cyp_2d6,train,train
494,CC(=O)c1cc(NC(=O)N[C@H](C)C[C@@H](O)N2CCC[C@@H](Cc3ccc(F)cc3)C2)cc(C(C)=O)c1,7.0,cyp_2d6,test,train
495,CC(C)c1cc(NC(=O)N[C@H](C)CCN2CCC[C@@H](Cc3ccc(F)cc3)C2)cc(-c2nnnn2C)c1,1.6,cyp_2d6,train,train
498,CC(C)(N)C(=O)N[C@H](COCc1ccccc1)c1nnnn1[C@H](CC#N)COc1ccccc1O,5.1,cyp_2d6,train,train
500,CC(=O)c1sc(NC(=O)N[C@@H]2CN(C(=O)CN(C)C)CC[C@H]2CN2CCC[C@@H](Cc3ccc(F)cc3)C2)nc1C,0.5,cyp_2d6,train,train
501,CC(=O)c1sc(NC(=O)N[C@@H]2CCN(C(=O)C(C)C)C[C@H]2CN2CCC[C@@H](Cc3ccc(F)cc3)C2)nc1C,0.05,cyp_2d6,train,train
502,CC(=O)c1sc(NC(=O)N[C@@H]2CCN(C(=O)OC(C)(C)C)C[C@H]2CN2CCC[C@@H](Cc3ccc(F)cc3)C2)nc1C,0.57,cyp_2d6,train,train
503,c1ccc2c(c1)CN[C@H](CN(CCCN1CCNCC1)[C@H]1CCCc3cccnc31)C2,1.4,cyp_2d6,train,train
504,CN(CC(=O)N(C)[C@H](CN1CC[C@H](O)C1)c1ccccc1)c1ccccc1,0.53,cyp_2d6,train,test
512,CCc1ccccc1C1(Br)C(=O)c2ccccc2C1=O,83.0,cyp_2d6,train,train
513,COc1ccc2c(c1)[C@]13CCCC[C@@H]1[C@H](C2)N(C)CC3,3.4,cyp_2d6,train,test
514,COc1ccc(-c2ccc(C(=O)N(C)[C@H]3CCN(C(=O)N4CC[C@@H](NC5CCC(C)(C)CC5)C4)C3)s2)cc1,5.305935,cyp_2d6,train,test
515,CCc1ccc(-c2ccc(C(=O)N(C)[C@H]3CCN(C(=O)N4CC[C@@H](N5CCCCC5)C4)C3)cc2)cc1,10.0,cyp_2d6,test,train
516,CCc1ccc(-c2ccc(C(=O)N(C)[C@H]3CCN(C(=O)N4CC[C@@H](NC5CCOCC5)C4)C3)s2)cc1,5.055935,cyp_2d6,test,train
517,CCc1ccc(-c2ccc(C(=O)N(C)[C@H]3CCN(C(=O)N4CC[C@@H](NCC5CCOCC5)C4)C3)s2)cc1,6.30957,cyp_2d6,train,train
518,CN(C(=O)c1ccc(-c2ccc(C(F)(F)F)cc2)cc1)[C@H]1CCN(C(=O)N2CC[C@@H](NCCC(C)(C)c3ccc(Cl)cc3)C2)C1,3.3,cyp_2d6,test,train
519,C[C@H](CCN1CCC[C@@H](Cc2ccc(F)cc2)C1)NC(=O)Nc1cc(-n2ccnn2)cc(-n2ccnn2)c1,0.5,cyp_2d6,train,train
522,CC[C@H](C)[C@@H](CO[C@@H](Cc1ccccc1)C(=O)N[C@@H](CCS(C)(=O)=O)C(=O)OC(C)C)NC[C@@H](N)CS,0.7,cyp_2d6,train,train
523,CN(C(=O)c1ccc(-c2ccc(C(F)(F)F)cc2)s1)[C@H]1CCN(C(=O)N2CC[C@@H](NC3CCC(C)(C)CC3)C2)C1,0.8471650000000001,cyp_2d6,train,train
524,CS(=O)(=O)N(Cc1ccccc1-c1ccccc1)[C@@H]1CCNC1,5.36,cyp_2d6,train,train
526,CC(C)(Cc1c[nH]c2ccccc12)NCC(O)COc1ccccc1C#N,0.05,cyp_2d6,train,train
530,Clc1ccc2c(c1)C(N1CCNCC1)=Nc1ccccc1O2,10.0,cyp_2d6,train,train
531,CN(C)CCCN1c2ccccc2CCc2ccc(Cl)cc21,3.9465,cyp_2d6,train,train
532,O=C(c1ccc(-n2nc(C(F)(F)F)c3c2CCCC3)cc1)N1CCCC1,6.0,cyp_2d6,train,train
537,Fc1ccc([C@@H]2CCNC[C@H]2COc2ccc3c(c2)OCO3)cc1,0.96,cyp_2d6,test,train
539,Cn1c(-c2ccccn2)c(C2CCCCC2)c2ccc(C(=O)NC(C)(C)C(=O)Nc3ccc(/C=C/C(=O)O)cc3)cc21,16.6,cyp_2d6,train,test
544,Clc1ccc(CO/N=C(\Cn2ccnc2)c2ccc(Cl)cc2Cl)c(Cl)c1,1.0,cyp_2d6,train,test
551,CN(C)C(=O)CN1CCCC(c2nc3ccccc3n2CCOc2ccccc2)C1,8.7,cyp_2d6,train,train
556,C[C@@H](OC[C@H](O)CNC(C)(C)Cc1ccc2ccccc2c1)c1ccccc1CCC(=O)O,9.6,cyp_2d6,test,train
559,O=C(CNCC1(O)CCCCC1)N1CCc2ccccc2C1C1CCCCC1,0.78,cyp_2d6,train,train
560,COc1ccc2c(c1)CCN(C(=O)CNCC1(O)CCCCC1)[C@@H]2C(C)C,2.9,cyp_2d6,train,train
561,COc1ccc2c(c1)CCN(C(=O)CNCC1(O)CCCCC1)[C@H]2C(C)C,2.0,cyp_2d6,train,test
562,O=C(Nc1cnc(-c2ccncc2)c(-c2ccco2)n1)C1CC1,5.0,cyp_2d6,train,train
569,Cc1ccc(C(=O)c2nc3ccc(O)cc3s2)cc1O,54.0,cyp_2d6,train,train
578,Cc1cccc(N2CNC(=O)C23CCN(C[C@H](C)NC(=O)c2ccc(Br)cc2)CC3)c1,9.4,cyp_2d6,test,train
586,CC(C)(C)c1cc(NC(=O)[C@@H]2CCCN2c2ccc(C(F)(F)F)cc2)no1,18.0,cyp_2d6,train,train
588,CN(C)C1CCN(c2nc3ccccc3n2Cc2ccc(F)cc2)CC1,12.798,cyp_2d6,train,train
594,COc1ccc(CCN2C(=O)N(NS(C)(=O)=O)C[C@H]2c2ccc(OC)cc2)cc1,100.0,cyp_2d6,train,train
597,N=C(N)NC(=O)c1ccc(C2CCN(C(=O)C3CC3)CC2)c(C(F)(F)F)c1,17.0,cyp_2d6,train,test
605,O=C(O)CSc1nnc(Br)n1-c1ccc(C2CC2)c2ccccc12,62.349999999999994,cyp_2d6,train,train
607,Cc1cc(N[C@H](CCCCNCc2ccc(F)cc2)C(=O)NO)cc(C)c1F,1.35,cyp_2d6,train,test
642,CC(C)c1csc(NC(=O)C2c3ccccc3Oc3ccccc32)n1,26.5,cyp_2d6,train,test
651,CCNCc1cc(Nc2ccnc3cc(Cl)ccc23)ccc1O,6.4,cyp_2d6,train,test
665,C[C@H](C[C@@H](O)N1CCC[C@@H](Cc2ccc(F)cc2)C1)NC(=O)Nc1cc(-c2nccs2)cc(-c2nccs2)c1,0.8,cyp_2d6,test,train
666,C[C@H](C[C@@H](O)N1CCC[C@@H](Cc2ccc(F)cc2)C1)NC(=O)Nc1cc(-n2cccn2)cc(-n2cccn2)c1,5.9,cyp_2d6,train,train
667,C[C@H](CCN1CCC[C@@H](Cc2ccc(F)cc2)C1)NC(=O)Nc1cc(Br)cc(-c2nnnn2C)c1,0.5,cyp_2d6,train,train
668,CC(=O)c1cc(NC(=O)N[C@@H](C)C[C@H](O)N2CCC[C@@H](Cc3ccc(F)cc3)C2)cc(C(C)=O)c1,16.0,cyp_2d6,test,train
669,Cn1nnnc1-c1cc(NC(=O)NCCCN2CCC[C@@H](Cc3ccc(F)cc3)C2)cc(C(C)(C)C(=O)O)c1,22.0,cyp_2d6,train,train
675,Nc1c(C(=O)NCC(O)(CN(CCO)C(=O)c2c(Cl)cccc2Cl)C(F)(F)F)cnn1-c1ccc(F)cc1,54.0,cyp_2d6,train,test
676,O=C1COc2cc(Cl)c(Cl)cc2N1CC(=O)N1CCCC(c2ccccc2)C1CN1CCCC1,1.6,cyp_2d6,train,train
679,Cc1cccc(C)c1-c1cc(C)c2nc(Nc3ccc(OCCN4CCCC4)cc3)nnc2c1,25.0,cyp_2d6,train,test
680,Cc1c(COc2cccc(OCCCC(F)(F)F)c2)[nH]c2ccccc2c1=O,1.4,cyp_2d6,train,train
681,C[C@H](c1cccnc1)c1c(CCN(C)C)sc2ccccc12,5.2,cyp_2d6,train,train
692,CCc1c(CCCC(=O)O)cccc1-c1cnc(-c2ccc(OC(C)C)c(C#N)c2)nc1,6.30957,cyp_2d6,train,test
693,O=C(Nc1ccc(Oc2ccc(F)cc2)cc1)[C@@H]1C[C@@H](Cc2ccc(F)cc2)CN1C(=O)Cn1cncn1,7.367,cyp_2d6,train,train
696,CN(C)Cc1ccc(/C=C/c2n[nH]c3cc(/C=C4/C(=O)Nc5ccccc54)ccc23)cc1,8.9,cyp_2d6,train,train
703,CNCCC(Oc1ccc(C(F)(F)F)cc1)c1ccccc1,0.7,cyp_2d6,train,train
715,CN1CCN(CCCN2c3ccccc3Sc3ccc(Cl)cc32)CC1,0.3,cyp_2d6,train,train
721,O=S(=O)(NC[C@@H]1OCC[C@@]2(S(=O)(=O)c3ccc(Cl)cc3)c3c(F)ccc(F)c3OC[C@@H]12)C(F)(F)F,30.0,cyp_2d6,test,train
722,O=C(NC1CC2CCC(C1)N2Cc1ccc2cc(F)ccc2c1)c1ccccc1-c1ccccc1,0.4,cyp_2d6,train,test
723,O=C(N[C@@H]1C[C@H]2CC[C@@H](C1)N2Cc1ccc2cc(F)ccc2c1)c1ccccc1-c1nccs1,2.4,cyp_2d6,train,train
724,CNC(=O)c1cccc(-c2ccc(C(CN3CCOCC3)N(C)C(=O)Cn3c(=O)cnc4cc(Cl)c(Cl)cc43)cc2)c1,33.0,cyp_2d6,train,train
725,CCN(CC)C(=O)CN1CCCC(c2nc3ccccc3n2Cc2ccc(F)cc2)C1,1.9,cyp_2d6,train,test
732,Cc1cc(-c2csc(-c3cccc(O)c3)c2)ccc1O,1.5,cyp_2d6,train,train
733,CN(C)Cc1cc2c([nH]c(=O)c3cccc(O)c32)s1,100.0,cyp_2d6,train,train
736,Clc1ccc(-c2ccc(C#Cc3ccc(OCCN4CCCC4)cc3)nc2)cc1,6.0,cyp_2d6,train,train
739,Fc1ccccc1C(Cc1ccccc1OC(F)(F)F)N1CCNCC1,3.5,cyp_2d6,train,train
741,CNC[C@]1(O)Cc2ccccc2[C@@H]1Oc1ccccc1OC,0.5,cyp_2d6,train,train
745,O=C(Nc1ccc(Cl)cc1)N1CCCC(CCO)(c2ccccc2)C1,10.0,cyp_2d6,train,train
746,CCCC1(C(=O)c2cc(F)c3[nH]ccc3c2)CCNC1,1.5499999999999998,cyp_2d6,test,train
747,CCOc1c2c(c(OCC)c3ccccc13)C(=O)N(c1ccc(CC(=O)O)cc1)C2=O,42.0,cyp_2d6,train,train
748,Cc1nnc(C(C)C)n1[C@@H]1C[C@H]2CC[C@@H](C1)N2CC[C@H](NC(=O)C1CCCCC1)c1cccs1,15.1,cyp_2d6,train,train
751,CC(C)N(C)[C@@H]1CC[C@H](NC(=O)CNC(=O)c2cccc(C(F)(F)F)c2)[C@H](CS(=O)(=O)c2ccccc2)C1,2.7,cyp_2d6,train,train
755,O=C(Cc1ccccc1)N1CCC(C(O)CC2c3ccccc3-c3cncn32)CC1,19.5,cyp_2d6,train,train
760,O=C(/C=C/c1cccnc1)c1ccc2ccccc2c1,4.4,cyp_2d6,test,train
761,CN(C(=O)C1CCc2cc(NS(C)(=O)=O)ccc2O1)[C@H](CN1CC[C@H](O)C1)c1ccccc1,6.2,cyp_2d6,train,train
768,O=C(NCc1ccc(S(=O)(=O)c2ccccc2)cc1)N1Cc2ccncc2C1,5.0,cyp_2d6,train,train
771,Nc1ccccc1NC(=O)c1ccc(CNC2=N[C@@H](c3ccccc3)CS2)cc1,0.08,cyp_2d6,test,test
772,N#Cc1ccc(Cn2ccc(NC(=O)Cc3ccc(C4(C(F)(F)F)CC4)cc3)n2)nc1,15.0,cyp_2d6,test,train
773,C[C@H](C1=C(CCN(C)Cc2ncc[nH]2)Cc2ccccc21)c1cnccn1,5.852,cyp_2d6,test,test
782,CCOC(=O)N(Cc1ccccc1-c1ccccc1)[C@H]1CCNC1,1.21,cyp_2d6,train,train
783,C=CCOc1ccc(OCC(O)CNC(C)C)cc1,21.0,cyp_2d6,train,train
784,O=C(c1ccc(C2=CC3(CCNCC3)Oc3ccccc32)cc1)N1CCCC1,4.7,cyp_2d6,train,test
785,CCN(CC)C(=O)c1ccc(C2CC3(CCNCC3)Oc3ccccc32)cc1,6.2,cyp_2d6,train,train
786,CCN(CC)C(=O)c1ccc(C2=CC3(CCNCC3)Oc3ccccc32)cc1F,5.3,cyp_2d6,train,train
787,CNCc1cnc(C)cc1Oc1ccccc1Oc1ccccc1,3.4,cyp_2d6,train,train
791,N#Cc1ccc(C(=O)N2CCN(c3ccc(OCCCN4CCCCC4)cc3)C(=O)C2)cc1,77.0,cyp_2d6,train,train
793,CC(C)N1CCC(Oc2ccc3c(c2)cc2n3CCN(CCO)C2=O)CC1,0.9,cyp_2d6,train,test
794,Nc1c(Br)cc(Br)cc1CN[C@H]1CC[C@H](O)CC1,0.5574,cyp_2d6,train,train
795,C[C@]1(c2cc(NC(=O)c3cnc(OCF)cn3)ccc2F)N=C(N)O[C@H](C2(F)CC2)[C@@H]1F,3.5,cyp_2d6,train,train
798,Cn1c(N2CCOC(c3ccccc3)C2)nc(-c2ccncc2)cc1=O,47.4,cyp_2d6,train,test
799,CN(C)CCCn1c(=O)n(C2CCN(C(=O)C3CCN(Cc4ccncc4)CC3)CC2)c2ccccc21,1.6,cyp_2d6,test,test
804,CN1Cc2ccccc2C(c2ccc3sccc3c2)C1,0.8,cyp_2d6,train,test
805,Cc1cc2c(NC(=O)N[C@@H]3CC(C)(C)Oc4cc(F)ccc43)cccc2cn1,17.0,cyp_2d6,train,train
811,Cc1cc(-c2ccc(NC(=O)Cc3cc(C(F)(F)F)cc(C(F)(F)F)c3)cc2)ccn1,13.0,cyp_2d6,train,train
812,O=S(=O)(Nc1ccc(-c2ccncc2)cc1)c1cc(Cl)cc(Cl)c1,0.2,cyp_2d6,test,train
820,Cc1ccccc1[C@H](OC[C@H](O)CNC(C)(C)Cc1ccc2ccccc2c1)C1CC1,0.5,cyp_2d6,train,train
821,COc1ccccc1CC(c1ccc(F)cc1)N1CCNCC1,12.1,cyp_2d6,train,train
828,Cc1cc(C(=O)N2CCC(Oc3ccc4c(c3)CCN(C3CCC3)CC4)CC2)no1,43.0,cyp_2d6,train,test
833,CN(C[C@@H]1CCCN1C(=O)C[C@H](N)Cc1cc(F)c(F)cc1F)C(=O)C1CC1,1.1,cyp_2d6,train,train
842,O=C(/C=C/c1cccnc1)c1cccc(Cl)c1,10.6,cyp_2d6,train,train
843,O=C(/C=C/c1cccnc1)c1cccc(Br)c1,8.0,cyp_2d6,train,test
851,CCc1coc2ccc(N3C[C@@]4(CN5CCC4CC5)OC3=O)cc12,21.0,cyp_2d6,train,train
853,Cc1cc(Nc2cc(C)c(C#N)c(NCCOc3cccnc3)n2)n[nH]1,9.9,cyp_2d6,train,train
854,CC(C)N1CCN(C(=O)N2CCC(NC(=O)C3CCCC3)CC2)CC1,17.0,cyp_2d6,train,train
856,CN(C(=O)c1ccc(-c2ccccc2)s1)[C@H]1CCN(C(=O)N2CC[C@@H](NC3CCC(C)(C)CC3)C2)C1,2.14763,cyp_2d6,train,train
857,CCOc1ccc(-c2ccc(C(=O)N(C)[C@H]3CCN(C(=O)N4CC[C@@H](NC5CCC(C)(C)CC5)C4)C3)s2)cc1,12.58925,cyp_2d6,train,train
883,Cc1c(F)cccc1[C@H]1COC(N)=N1,32.0,cyp_2d6,train,train
888,O=C(Nc1ccc(Oc2ccc(F)cc2)cc1)[C@@H]1C[C@@H](c2ccccc2)CN1C(=O)Cc1cnc[nH]1,0.663,cyp_2d6,train,train
889,O=C(Nc1ccc(Oc2ccc(F)cc2)cc1)[C@@H]1C[C@H](Cc2ccc(F)cc2)CN1C(=O)Cn1cncn1,3.775,cyp_2d6,train,test
890,CC(C)(Cc1c[nH]c2ccccc12)NCC(O)COc1ccc(CCC(=O)O)cc1C#N,12.0,cyp_2d6,train,train
896,c1ccc(CSc2nc3ccccc3[nH]2)nc1,8.79,cyp_2d6,test,train
897,Cc1cccc(CN(C2CCOCC2)[C@H]2CCNC2)c1Cl,15.7,cyp_2d6,train,train
900,CCc1ncnc2cc(OCC(O)CNC(C)(C)Cc3cc4ccccc4[nH]3)c(OC)cc12,0.04,cyp_2d6,test,train
906,CCC1C2CC3C4N(C)c5ccccc5C45CC(C2[C@H]5O)N3C1O,1.0,cyp_2d6,train,train
907,N=C(N)NC(=O)c1ccc(C2CCN(C(=O)c3ccncc3)CC2)c(C(F)(F)F)c1,11.0,cyp_2d6,test,test
921,C[C@@H]1c2nnc(-c3csc(-c4ccc(F)cc4F)n3)n2CCN1C(=O)c1ccc(-c2cccs2)cc1,7.0,cyp_2d6,train,train
927,C[C@H]1SC(N)=N[C@@]2(c3ccc(F)cc3F)CO[C@@H](c3cnn(C)c3)C[C@@H]12,19.8,cyp_2d6,train,train
928,Cn1cc([C@H]2C[C@H]3[C@@H](CF)SC(N)=N[C@@]3(c3ccc(F)cc3F)CO2)cn1,26.4,cyp_2d6,train,train
932,O=C1Nc2ccccc2/C1=C\c1ccc2c(/C=C/c3ccncc3)n[nH]c2c1,20.0,cyp_2d6,train,train
940,C=C[C@]1(C)C[C@@H](OC(=O)CSc2cncc(NC(=O)CN3CCC(O)CC3)c2)[C@]2(C)[C@H](C)CC[C@]3(CCC(=O)[C@H]32)[C@@H](C)[C@@H]1O,11.2,cyp_2d6,train,train
941,Cc1cc2c(NC(=O)N[C@@H]3CC(CF)(CF)Oc4cc(Cl)ccc43)cccc2cn1,4.9,cyp_2d6,train,train
951,CN[C@H]1Cc2ccccc2[C@H](c2ccc(Cl)c(Cl)c2)C1,0.067,cyp_2d6,train,train
952,CN[C@@H]1CCc2ccccc2[C@H]1c1ccc(Cl)c(Cl)c1,0.057,cyp_2d6,test,train
955,O=C(Nc1cccnc1)N1CCC(=Cc2cccc(Oc3ccc(C(F)(F)F)cn3)c2)CC1,1.4,cyp_2d6,train,test
957,COC[C@@]12CNCC[C@]1(c1ccc(Cl)c(Cl)c1)C2,3.0,cyp_2d6,train,train
967,CC(C)(N)CCCN(C[C@H]1Cc2ccccc2CN1)[C@H]1CCCc2cccnc21,0.345,cyp_2d6,train,test
970,Fc1ccc(C(c2ccc(F)cc2)N2CCN(C/C=C/c3ccccc3)CC2)cc1,7.89,cyp_2d6,train,train
971,CN(Cc1cc(Br)cc(Br)c1N)C1CCCCC1,0.1958,cyp_2d6,train,test
972,O=C(/C=C/c1ccc2c(c1)OCO2)c1cccnc1,14.0,cyp_2d6,train,train
976,O=C(C1CCCCC1)N1CCC(C(O)CC2c3ccccc3-c3cncn32)CC1,9.5,cyp_2d6,train,train
979,Cc1ccc(Sc2ccccc2N2CCNCC2)c(Cl)c1,1.5,cyp_2d6,train,test
980,Clc1ccc(Sc2ccccc2N2CCNCC2)c(Cl)c1,0.9,cyp_2d6,train,train
996,CN(C)c1ccc(C(=C2C=CC(=[N+](C)C)C=C2)c2ccc(N(C)C)cc2)cc1,0.8244,cyp_2d6,train,test
1036,CC(C)c1nc(C(=O)NC2CCN(CC3CC3)CC2)c2ccccn12,100.0,cyp_2d6,train,train
1037,CC(C)c1nc(C(=O)NC2CCN(CCF)CC2)c2ccccn12,93.5,cyp_2d6,train,test
1038,CC(C)c1nc(C(=O)NC[C@@H]2[C@H]3CN(CC(C)(C)O)C[C@@H]23)c2ccccn12,43.7,cyp_2d6,train,train
1040,CCCS(=O)(=O)c1ccc2[nH]c(-c3ccccc3-c3ccccc3)nc2c1,15.0,cyp_2d6,train,train
1043,CCCS(=O)(=O)c1ccc2[nH]c(-c3ccc(-c4ccccc4)cc3)nc2c1,15.0,cyp_2d6,train,train
1044,c1ccc(CN2CCN(Cc3nc(-c4ccccc4)no3)CC2)cc1,10.2,cyp_2d6,train,train
1045,NCc1noc(-c2n[nH]c3ccccc23)n1,1.0,cyp_2d6,train,train
1052,CC(C)(C)NC(=O)NCCN1CC(NC(=O)c2cc(Cl)cc(Cl)c2)C1,4.5,cyp_2d6,train,train
1065,CS(=O)(=O)N(Cc1ccccc1-c1ccccc1)[C@H]1CCNC1,3.1,cyp_2d6,train,test
1066,CCN1CCc2cc(C3=CC4(CCNCC4)Oc4ccccc43)ccc2C1=O,2.8,cyp_2d6,test,test
1067,CCN(CC)C(=O)c1ccc(C2=CC3(CCCNCC3)Oc3ccccc32)cc1,2.6,cyp_2d6,train,train
1068,CCN(CC)C(=O)c1ccc(C2=CC3(CCNCC3)Oc3ccccc32)cn1,30.0,cyp_2d6,train,train
1069,CCN(CC)C(=O)c1ccc(C2=CC3(CCNCC3)Oc3ccccc32)cc1C,9.5,cyp_2d6,train,train
1077,CCS(=O)(=O)c1cc2cc(C[C@](O)(CC(C)(C)c3ccc(F)cc3C(N)=O)C(F)(F)F)[nH]c2cn1,41.0,cyp_2d6,train,test
1080,Cc1c[nH]c2c(Nc3cccc(Cl)c3)ncc(C(=O)N3CCOCC3)c12,14.0,cyp_2d6,train,train
1091,COCCS(=O)(=O)c1ccc2c(c1)CN(C(C)=O)C2C(=O)Nc1ccc(C(O)(C(F)(F)F)C(F)(F)F)cc1,1.1,cyp_2d6,train,train
1093,O=C(CN1CCCC(c2nc3ccccc3n2Cc2ccc(F)cc2)C1)N1CCCCC1,1.4,cyp_2d6,test,test
1094,CCN(CCCc1ccc(F)cc1)CC1OC(=O)N(C)CC1(C)NC(=O)Nc1cccc(-c2nnnn2C)c1,9.95,cyp_2d6,train,train
1096,Cn1cc(-c2cc(C(O)(C(F)(F)F)C(F)(F)F)cnc2N2CCN(S(=O)(=O)c3ccc(N)nc3)CC2)cn1,18.0,cyp_2d6,train,train
1098,CN1CC(Cn2nc(-c3cnc4[nH]cc(C(=O)NC(C)(C)C)c4n3)c3cc(OC(F)F)ccc32)C1,19.0,cyp_2d6,train,train
1099,Cc1ccc2c(-c3cnc4[nH]cc(C(=O)NC5(C)CCNC5)c4n3)nn(C)c2c1,3.0,cyp_2d6,train,train
1104,O=c1[nH]ccn1-c1cccc(O[C@H]2c3ccccc3C[C@@H]2N2CCCC2)c1,3.8,cyp_2d6,train,test
1106,CC(C)N1CCC[C@H]1CNC(=O)c1cn(C2CCCC2)c(=O)c2c1c1ccccc1n2C,3.89,cyp_2d6,train,train
1108,CCCN1C[C@H](CSC)C[C@@H]2c3cccc4[nH]cc(c34)C[C@H]21,0.2,cyp_2d6,train,train
1116,Cc1ccc(-c2cc(C(F)(F)F)nn2-c2ccc(S(N)(=O)=O)cc2)cc1,1.0,cyp_2d6,train,train
1120,COc1nc(C)cc(N2Cc3cn(-c4cccc(S(C)(=O)=O)c4)nc3[C@H]2C(C)C)n1,24.2,cyp_2d6,train,train
1128,NC[C@]1(c2cccc(Cl)c2)CC[C@H](N2CCn3c(nnc3C(F)(F)F)C2=O)CC1,4.5,cyp_2d6,test,train
1139,Nc1nc2c(s1)CC[C@H]2C(=O)Nc1ccc(C[C@@H]2CC[C@H]([C@H](O)c3ccccc3)N2)cc1,18.3,cyp_2d6,train,train
1140,O=C(C1CCN(Cc2ccncc2)CC1)N1CCC(n2c(=O)n(CCOc3ccccc3)c3ccccc32)CC1,20.0,cyp_2d6,train,train
1151,CCNC(=O)N1CC[C@@H](CN2CCC[C@@H](Cc3ccc(F)cc3)C2)[C@H](NC(=O)Nc2nc(C)c(C(C)=O)s2)C1,1.1,cyp_2d6,train,train
1152,CC(=O)c1sc(NC(=O)N[C@@H]2CCN(CC3CC3)C[C@H]2CN2CCC[C@@H](Cc3ccc(F)cc3)C2)nc1C,0.92,cyp_2d6,train,train
1153,CC(=O)c1sc(NC(=O)N[C@@H]2CCN(C(=O)CN(C)C)C[C@H]2CN2CCC[C@@H](Cc3ccc(F)cc3)C2)nc1C,5.1,cyp_2d6,train,train
1154,CC(=O)c1sc(NC(=O)N[C@@H]2CS(=O)(=O)C[C@H]2CN2CCC[C@@H](Cc3ccc(F)cc3)C2)nc1C,2.1,cyp_2d6,train,train
1155,CC(=O)c1sc(NC(=O)N[C@@H]2CNC[C@H]2CN2CCC[C@@H](Cc3ccc(F)cc3)C2)nc1C,28.0,cyp_2d6,train,train
1156,CC(=O)c1sc(NC(=O)N[C@@H]2CN(C(=O)OC(C)(C)C)CC[C@H]2CN2CCC[C@@H](Cc3ccc(F)cc3)C2)nc1C,0.16,cyp_2d6,train,train
1168,CN(C(=O)CNc1cccc(CNS(C)(=O)=O)c1)[C@H](CN1CC[C@H](O)C1)c1ccccc1,8.7,cyp_2d6,train,train
1170,COc1cc([N+](=O)[O-])ccc1O[C@@H](c1ccccc1)[C@H]1CCNC1,5.01187,cyp_2d6,train,test
1171,Clc1cc(Cl)cc(O[C@@H](c2ccccc2)[C@H]2CCNC2)c1,0.6309600000000001,cyp_2d6,train,train
1176,CCn1cc(-c2ccnc3[nH]ccc23)c(-c2cccc(NC(=O)Nc3ccc(C(F)(F)F)cc3)c2)n1,5.01187,cyp_2d6,train,train
1179,CC(C)(C)Sc1c(CC(C)(C)C(=O)O)n(Cc2ccc(Cl)cc2)c2ccc(OCc3ccc4ccccc4n3)cc12,0.011,cyp_2d6,test,train
1186,CC(C)C(=O)N(Cc1ccc(Cl)c(Cl)c1Cl)[C@H]1CCNC1,17.6,cyp_2d6,test,train
1189,c1cnc2c(Nc3ccc4cnccc4c3)n[nH]c2c1,3.98,cyp_2d6,train,train
1191,COc1cccc(OC)c1/C=C/C(=O)c1ccc[nH]1,18.0,cyp_2d6,test,test
1192,O=C(/C=C/c1ccccc1Cl)c1ccc[nH]1,12.0,cyp_2d6,test,train
1193,c1ccc(COc2ccc3c(c2)CCN(C2CCCC2)CC3)cc1,0.6,cyp_2d6,train,train
1198,CCCCNc1nccc2[nH]c3ccccc3c12,0.007943,cyp_2d6,train,train
1212,C=C(F)CN(CC)C(=O)[C@@]1(c2cccs2)C[C@H]1CN,6.0,cyp_2d6,test,train
1214,O=c1ccc(-c2nc3cc(S(=O)(=O)C(F)(F)F)ccc3[nH]2)cn1-c1ccccc1,20.0,cyp_2d6,train,train
1215,CCS(=O)(=O)c1ccc2[nH]c(-c3cc(-c4ccccc4)ccc3Cl)nc2c1,15.0,cyp_2d6,train,train
1216,CCNCc1ccc(Nc2ccnc3cc(Cl)ccc23)cc1O,3.4,cyp_2d6,train,train
1218,C[C@@]1(c2cc(NC(=O)c3cnc(OCF)cn3)ccc2F)CCC(F)(F)C(N)=N1,1.0,cyp_2d6,train,train
1235,Fc1ccc(C(OCCN2CCC(CCCc3ccccc3)CC2)c2ccc(F)cc2)cc1,1.21,cyp_2d6,test,train
1237,c1ccc2cc([C@]34CCC[C@H]3CNC4)ccc2c1,9.42,cyp_2d6,train,test
1238,CN1C[C@H]2CCC[C@@]2(c2ccc3ccccc3c2)C1,12.8,cyp_2d6,train,train
1240,CN[C@H]1Cc2ccccc2[C@@H](c2ccc(Cl)c(Cl)c2)C1,2.78,cyp_2d6,test,train
1242,O=C(c1cc(F)c2[nH]ccc2c1)C1(Cc2ccccc2)CCNC1,0.07500000000000001,cyp_2d6,train,train
1244,COC(=O)N1CCC(CN2C[C@@H]3[C@@H](CNC(=O)c4nc(C(C)C)n5ccccc45)[C@@H]3C2)CC1,88.5,cyp_2d6,train,train
1246,CS(=O)(=O)c1ccc2nc(N3CCN(C(=O)[C@@H]4CCCC[C@H]4C(=O)NC4(C#N)CC4)CC3)sc2c1,0.6309600000000001,cyp_2d6,train,test
1251,CN(C)[C@@H]1CCN(c2ccc(Cl)c(Cl)c2)c2ccccc21,6.02,cyp_2d6,train,train
1252,CN[C@H]1Cc2ccccc2N(c2ccc(Cl)c(Cl)c2)C1,0.1,cyp_2d6,train,train
1256,CCSc1nc2cc(OC)ccc2[nH]1,4.93,cyp_2d6,train,train
1257,CCCCCCSc1nc2cc(OC)ccc2[nH]1,2.61,cyp_2d6,train,train
1258,COc1ccc2[nH]c(SCC(C)C)nc2c1,11.6,cyp_2d6,train,train
1259,COc1ccc2[nH]c(SCc3ccc(C(C)C)cc3)nc2c1,2.05,cyp_2d6,train,test
1274,COc1ccccc1N1CCN(C(=O)c2cc(-c3ccc(Cl)cc3)nn2C)CC1,29.0,cyp_2d6,test,train
1289,CCC(=O)N1CC[C@H](N(Cc2cc(F)ccc2C)c2ccc(C#N)c(Cl)c2)C1,16.0,cyp_2d6,test,train
1290,C[C@H](O)C(=O)N1CC[C@H](N(Cc2ccccc2C(F)(F)F)c2ccc(C#N)c(Cl)c2)C1,19.0,cyp_2d6,test,train
1296,CCS(=O)(=O)N1CC[C@H](N(Cc2ccccc2C(F)(F)F)c2ccc(C#N)c(Cl)c2)C1,13.0,cyp_2d6,test,train
1297,CCC(=O)N1CC[C@H](N(Cc2cc(Cl)ccc2Cl)c2ccc(C#N)c(Cl)c2)C1,13.0,cyp_2d6,test,train
1303,O=C(NCC1CCOCC1)c1cnc(Nc2cccc(OC(F)(F)F)c2)cc1C1CC1,24.0,cyp_2d6,test,test
1305,CN(C)CCC1=C(Cc2ccc(F)cc2)c2ccccc2C1,0.3,cyp_2d6,train,train
1307,CN1CCc2ccc(NS(=O)(=O)c3ccc(-c4ccc(Cl)cc4)cc3)cc2CC1,1.5,cyp_2d6,test,train
1311,CCNC(=O)CN1C(=O)C(C)(c2cc(F)cc(F)c2)Oc2ccc(-c3c(N)nc(N)nc3CC)cc21,1.89,cyp_2d6,train,train
1315,CC(=O)N1CCC(C(=O)N2C[C@H](C(=O)N(C)C(C)(C)c3cc(C(F)(F)F)cc(C(F)(F)F)c3)[C@@H](c3ccc(F)cc3C)C2)CC1,57.0,cyp_2d6,train,train
1316,CC(=O)N1CCC(C(=O)N2C[C@H](C(=O)N(C)Cc3cc(C(F)(F)F)cc(C(F)(F)F)c3)[C@@H](c3ccc(F)cc3C)C2)CC1,92.0,cyp_2d6,train,test
1325,CCCC1(C(=O)c2ccc3[nH]ncc3c2)CCCN1,15.0,cyp_2d6,train,train
1326,Cc1cc(C(N)=O)nn1-c1cccc(-c2cc(C(F)(F)F)ccc2C(F)(F)F)c1,33.0,cyp_2d6,train,train
1327,O=C(NCCN1CCC2(CC1)C(=O)NCN2c1cccc(F)c1)c1ccc(F)c(F)c1,7.9,cyp_2d6,test,train
1328,Fc1ccc(C2CC=CCNC2)cc1Cl,6.4,cyp_2d6,train,train
1329,CN1CC=CCC(c2ccc(Cl)c(Cl)c2)C1,10.2,cyp_2d6,train,test
1330,Cc1cccc2nc(NC(=O)c3ccnc(C(F)(F)F)c3)n([C@@H]3CCCCN(C(=O)/C=C/CN(C)C)C3)c12,6.1,cyp_2d6,train,train
1331,CN1CC=CCC(c2cc3ccccc3o2)C1,6.7,cyp_2d6,train,train
1333,COc1ccc2[nH]c(SCc3ccc(I)cc3)nc2c1,0.41,cyp_2d6,train,train
1337,CCCS(=O)(=O)NCc1ccc2c(c1)C[C@H](C(=O)N(C)[C@H](CN1CC[C@H](O)C1)c1ccccc1)O2,5.7,cyp_2d6,train,train
1339,O=C1COc2ccc(S(=O)(=O)N3c4ccccc4COc4cc(F)ccc43)cc2N1,21.305,cyp_2d6,train,train
1340,CC1(C)OC(=S)Nc2ccc(S(=O)(=O)N3c4ccccc4COc4cc(F)ccc43)cc21,4.1,cyp_2d6,train,train
1347,O=C(O)CCN1CCC2(CC1)C(=O)Nc1cc(/C=C3\c4ccccc4COc4cc(F)ccc43)ccc12,29.88,cyp_2d6,test,train
1348,CN(C)CC(=O)N1CCC2(CC1)C(=O)Nc1cc(/C=C3\c4ccccc4COc4cc(F)ccc43)ccc12,7.754,cyp_2d6,test,test
1349,O=S1(=O)CCC(COc2ccc3c(c2)CCC2(CCN(C4CCC4)CC2)O3)CC1,11.0,cyp_2d6,train,train
1357,O=C(NC1CCCCC1)c1nnc(CS(=O)(=O)c2ccccc2)o1,20.0,cyp_2d6,test,train
1360,Cc1cccnc1[C@H](C)c1c(CCN(C)C)sc2ccccc12,5.5,cyp_2d6,train,train
1365,COc1cc(CSc2nc3ccc(OC)cc3[nH]2)cc(OC)c1,9.12,cyp_2d6,train,train
1366,COc1ccc2[nH]c(SCc3ccccn3)nc2c1,13.15,cyp_2d6,test,train
1374,N[C@@H](CC(=O)N1CCC[C@H]1CNc1ncccn1)Cc1cc(F)c(F)cc1F,2.2,cyp_2d6,train,train
1381,Clc1ccc([C@]23CCC[C@H]2CNC3)cc1Cl,2.47,cyp_2d6,train,test
1382,CC(C)c1nc(CN(C)C(=O)N[C@@H](CCN2CCOCC2)C(=O)N[C@H](CCN(Cc2ccccc2)C(=O)OCc2cncs2)Cc2ccccc2)cs1,1.3,cyp_2d6,train,train
1383,CN(C)CCc1sc2ccccc2c1Cc1ccc(F)cc1,0.2,cyp_2d6,test,train
1384,CCN(CC)C(=O)c1ncc(C2=CC3(CCNCC3)Oc3ccccc32)cn1,21.0,cyp_2d6,train,train
1385,CC(C)c1nc(C(=O)NC[C@@H]2[C@H]3CN(CC(C)(C)F)C[C@@H]23)c2ccccn12,100.0,cyp_2d6,train,train
1386,CCN(CC)C(=O)c1ccc(C2=CC3(CCNCC3)Oc3ccccc32)c(O)c1,43.0,cyp_2d6,train,train
1388,CC(C)c1nc(C(=O)NC2CCN(C(C)C)CC2)c2ccccn12,50.4,cyp_2d6,train,train
1391,COCCN1CCN(C(=O)c2nc3cc(C(F)(F)F)c(C)c([N+](=O)[O-])c3s2)CC1,58.6,cyp_2d6,train,train
1395,Clc1ccc([C@@]23CCCC[C@@H]2CNC3)cc1Cl,7.93,cyp_2d6,train,train
1396,CCOC(=O)CCc1ccc(OCC(O)CNC(C)(C)Cc2c[nH]c3ccccc23)c(C#N)c1,2.1,cyp_2d6,train,test
1397,COCCc1ccc(OCC(O)CNC(C)C)cc1,24.0,cyp_2d6,train,train
1398,CC(C)NCC(O)COc1ccccc1,18.0,cyp_2d6,train,test
1403,Cc1cccc(C)c1CNc1cc(C(=O)NCCO)cn2c(C)c(C)nc12,58.0,cyp_2d6,train,train
1404,CC(C)(Cc1ccc2ccccc2c1)NC[C@@H](O)CO[C@@H](c1ccccc1CO)C1CC1,1.2,cyp_2d6,train,test
1415,COc1cc(NC(=O)c2ccccc2F)ccc1-c1nnc(NCCCN2CCCCC2)o1,54.0,cyp_2d6,test,train
1427,CCC(=O)N1CC[C@H](N(Cc2ccccc2C(F)(F)F)c2ccc(C#N)c(Cl)c2)C1,10.0,cyp_2d6,test,train
1430,CC(C)(Cc1ccc2ccccc2c1)NC[C@@H](O)COc1ccc(CCC(=O)O)cc1,0.052,cyp_2d6,test,train
1433,CN(C1CCOCC1)C1CCN(c2nc3ccccc3n2Cc2ccc(F)cc2)CC1,6.36,cyp_2d6,test,train
1434,CN(C)CCN(C)C1CCN(c2nc3ccccc3n2Cc2ccc(F)cc2)CC1,6.134,cyp_2d6,train,test
1435,CN(CCO)C1CCN(c2nc3ccccc3n2Cc2ccc(F)cc2)CC1,35.15,cyp_2d6,train,train
1447,Clc1ccc([C@]23CCCC[C@H]2CNC3)cc1Cl,2.65,cyp_2d6,train,test
1456,CCc1ccc(-c2ccc(C(=O)N(C)[C@H]3CCN(C(=O)N4CC[C@@H](NC(C)C)C4)C3)cc2)cc1,15.84893,cyp_2d6,test,train
1462,NC(=O)C[S+]([O-])Cc1ccccc1Oc1ccc(Cl)c(Cl)c1,97.5,cyp_2d6,train,test
1467,Cc1nc(NC(=O)CN2C(=O)OC[C@H]2C(C)C)sc1-c1ccc(N)cc1,25.0,cyp_2d6,train,train
1469,CCN[C@H]1CC[C@@H](c2c[nH]c3ccc(NC(=N)c4cccs4)cc32)CC1,0.927,cyp_2d6,train,train
1472,c1ccc2c(c1)CN[C@@H](CN(CCCN1CCN(C3CC3)CC1)[C@H]1CCCc3cccnc31)C2,6.04,cyp_2d6,train,train
1477,Cn1ccnc1C(O)C=C(c1ccccc1)c1ccccc1,15.0,cyp_2d6,train,test
1478,Nc1ccccc1-c1nc(N)c2ccccc2n1,100.0,cyp_2d6,train,train
1479,CCCCCCCCCCCc1cccn1C1c2ccccc2CCc2ccccc21,5.8,cyp_2d6,train,train
1483,O=C1CC[C@@]2(O)[C@H]3Cc4ccc(O)c5c4[C@@]2(CCN3CC2CC2)[C@H]1O5,1.0,cyp_2d6,train,train
1487,Cc1nccn1-c1ccc(-c2cn(CC(=O)Nc3cccc(Cl)c3Cl)nn2)cn1,18.0,cyp_2d6,test,train
1506,Cc1cc(O[C@H](CCCCNCc2ccc(F)cc2)C(=O)NO)cc(C)c1F,0.23,cyp_2d6,test,train
1507,CCc1ccccc1OCC(O)CNC(C)(C)Cc1cc2ccccc2[nH]1,0.12,cyp_2d6,train,test
1510,O=C(Cn1c(=O)sc2ccc(Cl)cc21)N1CCCC(c2ccccc2)C1CN1CCOCC1,8.0,cyp_2d6,train,train
1511,O=C1COc2cc(Cl)c(Cl)cc2N1CC(=O)N1CCCC(c2ccccc2)C1CN1CCOCC1,4.8,cyp_2d6,test,train
1512,N#CCN(CC(=O)N1CCCC(c2ccccc2)C1CN1CCOCC1)c1ccc(Cl)c(Cl)c1,3.7,cyp_2d6,train,train
1513,N#CCN(CC(=O)N1CCCC(c2ccccc2)C1CN1CCCC1)c1ccc(Cl)c(Cl)c1,2.3,cyp_2d6,train,train
1518,C[C@H](c1cccnc1Cl)c1c(CCN(C)C)sc2ccccc12,9.5,cyp_2d6,train,train
1525,CCS(=O)(=O)c1ccc2[nH]c(-c3cccc(-c4ccccc4)c3Cl)nc2c1,18.0,cyp_2d6,train,test
1526,Clc1ccc(C2CCCCNC2)cc1Cl,2.3,cyp_2d6,train,train
1533,CN(C(=O)CC(=O)NCc1ccccc1)[C@H](CN1CC[C@H](O)C1)c1ccccc1,3.2,cyp_2d6,train,train
1534,CC(=O)N1CCC(C(=O)N2C[C@H](C(=O)N(C)Cc3cc(C(F)(F)F)cc(C(F)(F)F)c3)[C@@H](c3ccccc3)C2)CC1,24.0,cyp_2d6,train,train
1541,Cc1ccsc1-c1cccnc1,95.9,cyp_2d6,train,test
1542,CN(C)Cc1ccc(-c2cccnc2)o1,100.0,cyp_2d6,train,train
1543,CN(C)Cc1ccc(-c2cccnc2)s1,28.7,cyp_2d6,train,train
1544,CC(=O)SCc1ccc(-c2cccnc2)o1,90.8,cyp_2d6,train,train
1545,NCc1ccc(-c2cccnc2)s1,100.0,cyp_2d6,train,train
1550,Fc1cccc(CN(C2CCOCC2)[C@H]2CCNC2)c1C(F)(F)F,30.0,cyp_2d6,train,test
1557,Nc1ccccc1NC(=O)c1ccc(C2CCN(CCC(=O)Nc3ccccc3F)CC2)cc1,10.0,cyp_2d6,train,train
1562,CC(C)(C#N)c1ccc(CCC2(C3CCCC3)CC(O)=C(Cc3cn4ccccc4n3)C(=O)O2)cc1F,0.7,cyp_2d6,train,train
1563,CCCC1(c2ccc3[nH]ccc3c2)CCNC1,7.5,cyp_2d6,train,train
1564,c1ccc(CC2(c3cnc4[nH]ccc4c3)CCNC2)cc1,11.5,cyp_2d6,train,test
1585,C[N+]1(C)C2CCC1CC(OC1c3ccccc3C=Cc3ccccc31)C2,60.0,cyp_2d6,train,train
1586,CC1C2C=C(C=C3c4ccccc4CCc4ccccc43)CC1CC2,0.21,cyp_2d6,train,test
1587,CN(C)CCC1(O)c2ccccc2CCc2ccc3ccccc3c21,0.06,cyp_2d6,train,train
1589,COc1cccc2c(C(=O)N3CCN4CCCC[C@H]4C3)cn(CC3CCCCC3)c12,13.0,cyp_2d6,test,train
1593,CN1C(=N)N[C@@]2(c3cc(-c4cccc(C#N)c4)cs3)CN(c3ccc(F)cn3)C[C@H]2C1=O,6.0,cyp_2d6,train,train
1604,O=C(NCC1CCC1)c1cnc(Nc2cccc(Cl)c2)nc1C(F)(F)F,22.0,cyp_2d6,test,train
1608,NC1(Cc2ccc(Cl)cc2)CCN(c2ncnc3[nH]ccc23)CC1,1.0,cyp_2d6,test,test
1609,COc1nc(C2=NOC[C@H](c3cc4ccccc4o3)N2)ccc1-n1cnc(C)c1,2.0,cyp_2d6,train,train
1614,CC(C)(C)NCc1cc(Nc2ccnc3cc(Cl)ccc23)ccc1F,0.3,cyp_2d6,train,train
1624,Clc1ccc(COC(Cn2ccnc2)c2ccc(Cl)cc2Cl)cc1,0.4,cyp_2d6,test,train
1634,CN1CC(C)(NC(=O)Nc2nc(C(C)(C)C)cs2)C(CN2CCC[C@@H](Cc3ccc(F)cc3)C2)OC1=O,40.0,cyp_2d6,train,test
1635,Cn1c(-c2ccoc2)c(C2CCCCC2)c2ccc(C(=O)NC(C)(C)C(=O)Nc3ccc(/C=C/C(=O)O)cc3)cc21,9.0,cyp_2d6,train,train
1638,Clc1cc(Cl)cc(O[C@H](c2ccccc2)[C@@H]2CCNC2)c1,3.98107,cyp_2d6,train,train
1639,FC1(F)CCN(CCC2=C(Cc3cnccn3)c3ccccc3C2)C1,7.533,cyp_2d6,train,test
1647,c1cc2[nH]ncc2cc1N1CCNCC1CC1CCOCC1,8.26,cyp_2d6,train,train
1648,C[C@@H](c1ncccc1Cl)c1c(CCN(C)C)sc2ccccc12,1.5,cyp_2d6,train,train
1652,CC(c1c(CCN(C)C)sc2ccccc12)n1ccnc1,100.0,cyp_2d6,train,train
1653,O=C(NCc1ccncc1)c1nnc(CS(=O)(=O)c2ccccc2)o1,5.7,cyp_2d6,train,train
1655,COC(=O)N1CC[C@H](N(Cc2ccccc2)c2ccc(C#N)c(Cl)c2)C1,7.5,cyp_2d6,test,train
1656,COC(=O)N1CC[C@H](N(Cc2ccccc2C(F)(F)F)c2ccc(C#N)c(Cl)c2)C1,8.0,cyp_2d6,test,train
1657,COC(=O)N1CC[C@H](N(Cc2ccccc2Cl)c2ccc(C#N)c(Cl)c2)C1,11.0,cyp_2d6,test,test
1667,Cc1cc(-c2ccc(-c3cccc(O)c3)s2)ccc1O,1.5,cyp_2d6,train,test
1671,N[C@@H](CC(=O)N1CCC[C@H]1CN(C1CC1)S(=O)(=O)C(F)(F)F)Cc1cc(F)c(F)cc1F,0.1,cyp_2d6,train,test
1672,CS(=O)(=O)NC[C@@H]1CCCN1C(=O)C[C@H](N)Cc1cc(F)c(F)cc1F,14.2,cyp_2d6,train,train
1673,CC(F)(F)C(=O)NC[C@@H]1CCCN1C(=O)C[C@H](N)Cc1cc(F)c(F)cc1F,3.9,cyp_2d6,train,train
1674,N[C@@H](CC(=O)N1CCC[C@H]1CNc1ncc(F)cn1)Cc1cc(F)c(F)cc1F,0.1,cyp_2d6,train,train
1675,N[C@@H](CC(=O)N1CCC[C@H]1CNc1ccc(C(F)(F)F)nc1)Cc1cc(F)c(F)cc1F,5.0,cyp_2d6,train,train
1677,CCc1ccc(-c2ccc(C(=O)N(C)[C@H]3CCN(C(=O)N4CC[C@@H](NC5CCC(C)(C)CC5)C4)C3)s2)cc1,3.16228,cyp_2d6,train,train
1681,CN(C)C(=O)c1ccc(-n2nc(C(F)(F)F)c3c2CCCC3)cc1,6.0,cyp_2d6,train,train
1683,C[C@@H](O[C@H]1CC[C@@H]2CN(C3=CC(=O)CC3)C[C@H]2[C@@H]1c1ccc(F)cc1)c1cc(C(F)(F)F)cc(C(F)(F)F)c1,35.0,cyp_2d6,train,train
1693,Cc1cc(-c2c(Cl)cccc2Cl)cc2nnc(Nc3ccc(OCCN4CCCC4)cc3)nc12,33.0,cyp_2d6,train,train
1697,NC[C@]1(c2cccc(Cl)c2)CC[C@H](N2CCc3c(nc(C(F)(F)F)nc3C3CC3)C2=O)CC1,10.0,cyp_2d6,train,train
1700,CN1CC=C(c2c[nH]c3ccc(NC(=N)c4ccco4)cc23)CC1,20.5,cyp_2d6,test,test
1703,CC1CC(C(=O)Nc2nc3ccc(Br)cc3s2)CC(C)(C)C1,1.6,cyp_2d6,train,train
1713,C=CCN(CC(O)COc1ccccc1C#N)C(C)(C)Cc1cc2ccccc2[nH]1,0.04,cyp_2d6,train,train
1714,CC(=O)Nc1ccc(-c2ccc(C(CN3CCOCC3)N(C)C(=O)CN3C(=O)COc4cc(C)c(C)cc43)cc2)cc1,30.0,cyp_2d6,train,train
1721,COc1cc(/C=C/C(=O)/C=C/c2ccc(O)c(OC)c2)ccc1O,0.6,cyp_2d6,test,train
1724,OC(CC1c2c(F)cccc2-c2cncn21)C1CCCCC1,2.0,cyp_2d6,train,train
1741,O=C(/C=C/c1ccccc1)c1cccnc1,8.2,cyp_2d6,train,train
1744,Cn1cc([C@H]2C[C@H]3CSC(N)=N[C@@]3(c3ccc(F)cc3F)CO2)cn1,13.9,cyp_2d6,train,train
1745,Cc1coc([C@H]2C[C@H]3[C@@H](CF)SC(N)=N[C@@]3(c3ccc(F)cc3F)CO2)n1,30.0,cyp_2d6,train,train
1746,O=C(N[C@@H]1C[C@H]2CC[C@@H](C1)N2Cc1ccc2cc(F)ccc2c1)c1ccccc1C(=O)N1CCCC1,7.3,cyp_2d6,train,train
1759,Nc1ncc(-c2ccc(OCCCN3CCC(Cc4c[nH]cn4)CC3)cc2)cn1,12.0,cyp_2d6,train,test
1760,Cc1ccc(Sc2ccccc2N2CCNCC2)cc1C,2.8,cyp_2d6,train,train
1762,Clc1cccc(O[C@@H](c2ccccc2)[C@H]2CCNC2)c1Cl,0.7943300000000001,cyp_2d6,train,train
1764,CN(C(=O)[C@H]1Cc2cccc(NS(C)(=O)=O)c2O1)[C@H](CN1CC[C@H](O)C1)c1ccccc1,1.1,cyp_2d6,train,test
1777,Cc1ccc(N(CC2=NCCN2)c2cccc(O)c2)cc1,10.0,cyp_2d6,train,train
1788,Cc1ncn(-c2cc(Cl)c(C(=O)NC[C@@H](c3cccc(F)c3)c3nc4ccc(Cl)cc4[nH]3)c(Cl)c2)n1,30.4,cyp_2d6,train,train
1798,CC(C)c1nc(CN(C)C(=O)N[C@H](C(=O)N(CCCCN(Cc2ccccc2)C(=O)OCc2cncs2)Cc2ccccc2)C(C)C)cs1,1.1,cyp_2d6,train,train
1799,CC[C@@H](CC[C@H](CC)NC(=O)[C@@H](NC(=O)N(C)Cc1csc(C(C)C)n1)C(C)C)NC(=O)OCc1cncs1,6.5,cyp_2d6,train,test
1800,CC(C)c1nc(CN(C)C(=O)N[C@H](C(=O)N[C@H](CC[C@H](Cc2ccccc2)NC(=O)OCc2cncs2)Cc2ccccc2)C(C)C)cs1,2.9,cyp_2d6,train,test
1808,Cc1ccc(Sc2ccccc2N2CCNCC2)cc1,2.7,cyp_2d6,train,train
1809,Clc1ccc(Sc2ccccc2N2CCNCC2)cc1,0.4,cyp_2d6,train,train
1811,COc1ccc2[nH]c(SCc3ccccc3)nc2c1,0.12,cyp_2d6,train,train
1814,CC(C)c1nc(CN(C)C(=O)N[C@@H](Cc2c[nH]cn2)C(=O)N[C@@H](CC[C@@H](Cc2ccccc2)NC(=O)OCc2cncs2)Cc2ccccc2)cs1,0.4,cyp_2d6,train,train
1816,COc1ccc2nc(SCc3ccc4ccccc4c3)[nH]c2c1,2.73,cyp_2d6,train,train
1820,CCS(=O)(=O)c1ccc2c(c1)CN(C(C)=O)C2C(=O)Nc1ccc(C(O)(C(F)(F)F)C(F)(F)F)cc1,0.3,cyp_2d6,train,train
1821,CC(=O)N1Cc2cc(S(=O)(=O)NC3CC3)ccc2C1C(=O)Nc1ccc(C(O)(C(F)(F)F)C(F)(F)F)cc1,0.02,cyp_2d6,train,train
1822,O=C1O[C@@]2(CN3CCC2CC3)CN1c1ccc(Br)s1,9.0,cyp_2d6,train,train
1823,O=C1O[C@]2(CN3CCC2CC3)CN1c1ccc(Cl)s1,2.0,cyp_2d6,train,train
1824,COCCN(CC(=O)N(C)C(CN1CCCC1)c1ccc(-c2ccc(C(N)=O)cc2)cc1)c1ccc(Cl)c(Cl)c1,6.2,cyp_2d6,test,train
1827,CCc1nc(N)nc(N)c1-c1ccc2c(c1)N(CCCCO)C(=O)C(C)(c1cc(F)cc(F)c1)O2,6.96,cyp_2d6,train,train
1828,CCc1nc(N)nc(N)c1-c1ccc2c(c1)N(CCCOC)C(=O)C(C)(c1ccc(F)c(F)c1)O2,5.7,cyp_2d6,train,test
1830,Nc1nc(N)c2c(OCC3CCN(Cc4ccccc4F)CC3)cccc2n1,9.38,cyp_2d6,train,train
1831,Cc1ccccc1CN(C1CCOCC1)[C@H]1CCNC1,30.0,cyp_2d6,train,train
1835,CCCS(=O)(=O)Nc1ccc(F)c(C(=O)c2c[nH]c3ncc(-c4ccc(C#CCN(CC)CC)nc4)cc23)c1F,5.0,cyp_2d6,train,train
1845,CN(CC(O)COc1ccccc1C#N)C(C)(C)Cc1cc2ccccc2[nH]1,0.03,cyp_2d6,train,train
1850,CC(Cc1ccccc1)NC1CC2c3ccccc3CCc3cccc1c32,0.15,cyp_2d6,train,train
1854,CN(C(=O)CC(=O)Nc1ccccc1)[C@H](CN1CC[C@H](O)C1)c1ccccc1,5.3,cyp_2d6,train,train
1855,CN(C(=O)NCC(=O)Nc1ccccc1)[C@H](CN1CC[C@H](O)C1)c1ccccc1,5.1,cyp_2d6,train,train
1858,O=C(CCN1CCC(Cc2c[nH]cn2)CC1)Nc1ccc(CN2CCCCC2)cc1,9.0,cyp_2d6,test,train
1859,O=C(Nc1ncccn1)N1CCC(Cc2c[nH]cn2)CC1,6.0,cyp_2d6,train,train
1860,c1nc(CC2CCN(CCCOc3ccc(NC4CCCCC4)cc3)CC2)c[nH]1,0.9,cyp_2d6,train,train
1874,COC(=O)N1CC[C@H](N(Cc2ccccc2C)c2ccc(C#N)c(Cl)c2)C1,22.0,cyp_2d6,test,train
1875,CCC(=O)N1CC[C@H](N(Cc2ccccc2Br)c2ccc(C#N)c(Cl)c2)C1,7.5,cyp_2d6,test,train
1876,C[C@H](O)C(=O)N1CC[C@H](N(Cc2cc(Cl)ccc2Cl)c2ccc(C#N)c(Cl)c2)C1,20.0,cyp_2d6,test,train
1884,CC(C)c1nc(CN(C)C(=O)N[C@H](C(=O)N[C@@H](CC[C@@H](Cc2ccccc2)NC(=O)OCc2cncs2)Cc2ccccc2)C(C)C)cs1,0.4,cyp_2d6,train,train
1891,CN1CCC(c2nn(-c3cnc4[nH]cc(C(=O)NC(C)(C)CO)c4n3)c3ccccc23)CC1,12.0,cyp_2d6,train,train
1900,COC(=O)N[C@H](C(=O)N1CCC[C@H]1c1nc(Br)c(-c2ccc(N=[N+]=[N-])cc2)[nH]1)C(C)C,50.5,cyp_2d6,train,train
1912,C[C@H](c1cccnc1F)c1c(CCN(C)C)sc2ccccc12,7.5,cyp_2d6,train,train
1913,CC1(CC(=O)NCCNc2ccnc3cc(Cl)ccc23)CC2(CCCCC2)OO1,3.9,cyp_2d6,train,test
1917,COc1ccc2[nH]c(SCc3ccc(Br)cc3)nc2c1,0.09,cyp_2d6,train,train
1919,Clc1cccc(OC(c2cccnc2)[C@@H]2CCCNC2)c1Cl,2.4,cyp_2d6,train,test
1934,COc1ccc2c(c1)C(C1CCCCC1)N(C(=O)CNC[C@@H](C)O)CC2,3.7,cyp_2d6,train,train
1935,Cc1cccc2c1C(c1ccccc1)N(C(=O)CNC[C@@H](C)O)CC2,5.6,cyp_2d6,train,test
1937,CC(=O)c1sc(NC(=O)N[C@@H]2CCN(C3CCN(C(C)=O)CC3)C[C@H]2CN2CCC[C@@H](Cc3ccc(F)cc3)C2)nc1C,36.0,cyp_2d6,train,train
1938,CC(=O)c1sc(NC(=O)N[C@@H]2CNCC[C@H]2CN2CCC[C@@H](Cc3ccc(F)cc3)C2)nc1C,56.0,cyp_2d6,train,train
1940,Cc1cc2ncc(=O)n(CC(=O)N3CCCC(c4ccccc4)C3CN3CCCC3)c2cc1C,8.4,cyp_2d6,train,train
1941,COCCN(CC(=O)N1CCCC(c2ccccc2)C1CN1CCOCC1)c1ccc(Cl)c(Cl)c1,3.2,cyp_2d6,train,train
1943,Clc1ccc(Cl)c(O[C@@H](c2ccccc2)[C@H]2CCNC2)c1Cl,1.25893,cyp_2d6,train,train
1944,CC(C)(Cc1cc2ccccc2[nH]1)NCC(O)COc1ccc(S(C)(=O)=O)cc1,0.35,cyp_2d6,train,train
1952,Clc1cccc(CN(CC2CC2)[C@H]2CCNC2)c1Cl,0.03,cyp_2d6,test,train
1964,CN(C[C@H]1Cc2c(cccc2N2CCN(c3ncccn3)CC2)CN1)[C@H]1CCCc2cccnc21,0.508,cyp_2d6,test,test
1967,COc1cccc(C2CN(c3nc(-c4ccncc4)cc(=O)n3C)CCN2)c1,0.4,cyp_2d6,train,train
1968,C[C@@H]1CN(Cc2ccccc2)CCN1c1nc(-c2ccncn2)cc(=O)n1C,21.0,cyp_2d6,train,train
1972,O=C(COc1ccc(-n2ccnc2)cc1)Nc1ccc(-c2ccccc2)cc1,0.1,cyp_2d6,train,test
1982,Cc1nnc2sc(C(=O)NCc3ccc(S(F)(F)(F)(F)F)cc3)c(N)c2c1C,23.9,cyp_2d6,train,train
1986,CN1C[C@H](CNC(=O)OCc2ccccc2)C[C@@H]2c3cccc4c3c(cn4C)C[C@H]21,0.2,cyp_2d6,train,train
1989,CCN1CC(CCN2CCOCC2)C(c2ccccc2)(c2ccccc2)C1=O,0.1,cyp_2d6,train,train
1992,CCN1C[C@H]2C[C@@H](N(Cc3cccc(OC(F)(F)F)c3)C(=O)c3cn(C)cn3)C[C@H]2C1,1.1,cyp_2d6,test,train
2000,CNC1CCCC(c2c[nH]c3ccc(NC(=N)c4cccs4)cc23)C1,5.14,cyp_2d6,train,train
2006,N[C@H]1C[C@@H](N2Cc3cnc4nnc(C5CC5)n4c3C2)CC[C@@H]1c1cc(F)c(F)cc1F,19.0,cyp_2d6,test,train
2011,Cc1ccc(F)cc1CN(c1ccc(C#N)c(Cl)c1)[C@H]1CCN(C(=O)OC(C)C)C1,15.0,cyp_2d6,test,test
2012,CC(=O)N1CC[C@H](N(Cc2ccccc2C(F)(F)F)c2ccc(C#N)c(Cl)c2)C1,17.0,cyp_2d6,test,train
2015,O=S(=O)(Cc1ccc2c(c1)CCNCC2)c1ccc(N2CCOCC2)nc1,16.0,cyp_2d6,train,train
2021,O=C(CCN1CCC(Cc2c[nH]cn2)CC1)Nc1ccc(Cl)cc1,0.04,cyp_2d6,test,train
2022,O=C(CCN1CCC(Cc2c[nH]cn2)CC1)Nc1cccc(F)c1,0.1,cyp_2d6,test,train
2023,CN(CC(=O)N(C)[C@H](CN1CC[C@H](O)C1)c1ccccc1)c1ccc(C#N)cc1,0.67,cyp_2d6,train,train
2033,CCn1cc(-c2ccnc3[nH]ccc23)c(-c2cccc(NC(=O)Nc3cccc(OC)c3)c2)n1,0.19953,cyp_2d6,train,train
2049,COc1ccc(Cn2c(N3CCC(NCC4CCOCC4)CC3)nc3ccccc32)cc1,16.309,cyp_2d6,train,train
2052,CCC(=O)N1CC[C@@H](CN2CCC[C@@H](Cc3ccc(F)cc3)C2)[C@H](NC(=O)Nc2nc(C)c(C(C)=O)s2)C1,1.5,cyp_2d6,train,test
2053,CC(=O)c1sc(NC(=O)N[C@@H]2CCCC[C@H]2CN2CCC[C@@H](Cc3ccc(F)cc3)C2)nc1C,0.24,cyp_2d6,train,train
2057,CNC(C)C1(c2ccc(Cl)c(Cl)c2)CCCCC1,8.5,cyp_2d6,train,train
2061,CCN(CC)CCNC(=O)c1cc(Cl)c(N)cc1OC,0.8,cyp_2d6,train,train
2075,CN1C[C@@H]2CCC[C@]2(c2ccc(Cl)c(Cl)c2)C1,4.35,cyp_2d6,train,train
2084,CN(CC1CCCCC1)C1CCN(c2nc3ccccc3n2Cc2ccc(F)cc2)CC1,0.36,cyp_2d6,test,test
2085,Fc1ccc(Cn2c(N3CCC(NCC4CCOCC4)CC3)nc3ccccc32)cc1,12.134,cyp_2d6,train,train
2090,C[C@@H]1COCCN1c1nc(N2CCOC[C@@H]2C)nc2[nH]c(-c3cccc4[nH]ccc34)nc12,12.8,cyp_2d6,train,train
2091,COc1ccc2nc3cc(Cl)ccc3c(Nc3ccc(O)c(CN4CCN(C)CC4)c3)c2c1,1.0,cyp_2d6,train,train
2101,COc1ccc2c(c1)CCN(C(=O)CNCC1(O)CCCCC1)C2C(C)C,1.8,cyp_2d6,train,test
2114,Cc1nc(NC(=O)CN(Cc2ccccc2)C(=O)c2ccncc2)sc1-c1ccc(N)nc1,4.3,cyp_2d6,train,train
2119,O=C1CCCCN1C1CCN(c2nc3ccccc3n2Cc2ccc(F)cc2)CC1,4.353,cyp_2d6,test,train
2120,N[C@@H](CC(=O)N1CCC[C@H]1COc1ccnc(C(F)(F)F)n1)Cc1cc(F)c(F)cc1F,1.7,cyp_2d6,train,train
2123,COCCCN1CCC(CNC(=O)c2nc(C(C)C)n3ccccc23)CC1,48.6,cyp_2d6,train,train
2125,Nc1cc(CN2CCC(F)(C(=O)N3CCC(N4Cc5ccccc5-c5ccccc5C4)CC3)CC2)ccn1,0.3,cyp_2d6,train,train
2127,CC1CCCCC1C(=O)N1CC(c2nc(-c3cccc(F)c3)no2)C1,100.0,cyp_2d6,train,test
2130,COC1=C(OC)C(=O)C(CCCCCCCCCCO)=C(C)C1=O,3.0,cyp_2d6,train,train
2136,CC1CC(C(=O)Nc2nc3ccc(Cl)cc3s2)CC(C)(C)C1,0.2,cyp_2d6,train,test
2138,CC(=O)c1sc(NC(=O)N[C@@H]2CN(CCF)CC[C@H]2CN2CCC[C@@H](Cc3ccc(F)cc3)C2)nc1C,3.3,cyp_2d6,train,train
2144,COc1ccc2cc(-c3cnccc3N)ccc2c1,11.1,cyp_2d6,train,train
2171,Cc1nnc(C(C)C)n1[C@@H]1C[C@H]2CC[C@@H](C1)N2CC[C@H](NC(=O)C1CCCC1)c1cccs1,16.8,cyp_2d6,test,train
2179,CCc1nc(N)nc(N)c1-c1ccc2c(c1)N(CCCOC(F)(F)F)C(=O)C(C)(c1cc(F)cc(F)c1)O2,3.22,cyp_2d6,train,train
2181,Cn1c(N2CCO[C@@H](c3ccc(F)cc3)C2)nc(-c2ccncn2)cc1=O,39.7,cyp_2d6,train,test
2182,Cn1c(N2CCO[C@@H](c3ccc(F)cc3)C2)nc(-c2ccncc2)cc1=O,44.2,cyp_2d6,train,train
2188,Cc1nnc2sc(C(=O)NCc3ccc(-c4cccnc4F)cc3)c(N)c2c1C,19.0,cyp_2d6,train,train
2206,CC(C)C(=O)N1CC[C@H](N(Cc2ccccc2C(F)(F)F)c2ccc(C#N)c(Cl)c2)C1,6.0,cyp_2d6,test,train
2210,Clc1ccc(CSC(Cn2ccnc2)c2ccc(Cl)cc2Cl)cc1,0.8,cyp_2d6,train,train
2214,CN(C)S(=O)(=O)NCCCCCNc1nc(-c2ccccn2)cs1,0.95,cyp_2d6,train,train
2219,CN1Cc2cc(N3CCOCC3)ccc2[C@@H](c2ccc3sccc3c2)C1,11.0,cyp_2d6,train,train
2221,CN1CC=C(c2c[nH]c3cc(NC(=N)c4cccs4)ccc23)CC1,63.2,cyp_2d6,train,test
2225,O=C(c1cccc(Cl)c1)N1CCC(=CC#Cc2cccc(Cl)n2)CC1,12.7,cyp_2d6,train,train
2228,CN(C(=O)CNc1ccc([N+](=O)[O-])cc1)[C@H](CN1CC[C@H](O)C1)c1ccccc1,3.4,cyp_2d6,train,test
2231,O=C(Cn1c(=O)cnc2cc(Cl)c(Cl)cc21)N1CCCC(c2ccccc2)C1CN1CCOCC1,21.0,cyp_2d6,train,train
2234,C[C@]1(c2cc(NC(=O)c3ccc(C#N)cn3)ccc2F)N=C(N)CO[C@@H]1F,4.3,cyp_2d6,test,test
2236,COCCCN1C[C@@H]2[C@@H](CNC(=O)c3nc(C(C)C)n4ccccc34)[C@@H]2C1,21.9,cyp_2d6,train,train
2241,CCc1nc(N)nc(N)c1-c1ccc2c(c1)N(CCNC(C)=O)C(=O)C(C)(c1ccc(Cl)cc1)O2,19.0,cyp_2d6,train,train
2248,CC(C)CN(C(=O)c1ccccc1Oc1ccccc1)[C@H]1CCNC1,0.29,cyp_2d6,train,train
2249,N[C@H]1Cn2c(nc3cnccc32)C[C@@H]1c1cc(F)c(F)cc1F,13.0,cyp_2d6,test,test
2250,N#Cc1ccnc(OC[C@@H]2CCCN2C(=O)C[C@H](N)Cc2cc(F)c(F)cc2F)c1,4.3,cyp_2d6,test,train
2255,COc1ccc2[nH]c(SCc3ccc(Cl)cc3)nc2c1,1.23,cyp_2d6,train,train
2256,COc1ccc2[nH]c(SCc3cccc(-c4ccccc4)c3)nc2c1,0.02,cyp_2d6,test,train
2257,Nc1ccc2[nH]c(SCc3ccccn3)nc2c1,2.17,cyp_2d6,test,train
2266,O=C(c1ccccc1Oc1ccccc1)N(C1CCC1)[C@H]1CCNC1,3.37,cyp_2d6,train,train
2267,OCC[C@]1(c2ccc(Cl)c(Cl)c2)CCCCNC1,18.0,cyp_2d6,train,train
2268,C1=CCC(c2cc3ccccc3o2)CNC1,7.8,cyp_2d6,train,train
2272,N#Cc1cc(Cl)cc(Oc2cc(OCc3n[nH]c4nc(N)ccc34)cc(F)c2Cl)c1,47.4,cyp_2d6,train,test
2274,CN(CC(=O)N1CCCC(c2ccccc2)C1CN1CCOCC1)c1ccc(Cl)c(Cl)c1,2.3,cyp_2d6,train,train
2276,CN(CC(=O)N(C)C(CN1CCOCC1)c1ccc(-c2ccccc2)cc1)c1ccc(Cl)c(Cl)c1,16.0,cyp_2d6,train,train
2282,C[C@@]1(c2cc(NC(=O)c3ncc(Cl)cc3Cl)ccc2F)CCOC(N)=N1,0.9,cyp_2d6,train,train
2287,Fc1ccc(Cn2c(N3CCC(n4cccn4)CC3)nc3ccccc32)cc1,1.48,cyp_2d6,train,train
2291,CN(C(=O)[C@H]1Cc2ccccc2O1)[C@H](CN1CC[C@H](O)C1)c1ccccc1,0.25,cyp_2d6,train,test
2292,CN(C(=O)[C@@H]1Cc2ccccc2O1)[C@H](CN1CC[C@H](O)C1)c1ccccc1,0.76,cyp_2d6,test,test
2293,COC(=O)Nc1ccc2c(c1)C[C@H](C(=O)N(C)[C@H](CN1CC[C@H](O)C1)c1ccccc1)O2,4.2,cyp_2d6,train,train
2294,COC(=O)Nc1ccc2c(c1)C[C@@H](C(=O)N(C)[C@H](CN1CC[C@H](O)C1)c1ccccc1)O2,4.8,cyp_2d6,test,train
2306,Cc1cc2c(OCC(CNC(C)(C)C)OC(=O)c3ccccc3)cccc2[nH]1,5.4764,cyp_2d6,train,test
2307,COc1cc(-c2ccnc(C)c2)ccc1NS(=O)(=O)c1cc(C(F)(F)F)cc(C(F)(F)F)c1,1.9,cyp_2d6,test,train
2318,O=C1COc2ccc(CN3c4ccccc4COc4cc(F)ccc43)cc2N1,16.38,cyp_2d6,train,test
2319,NC(=O)c1cc2cc(C3(Cc4ccccc4)CCNC3)ccc2[nH]1,4.1,cyp_2d6,train,train
2320,CC(C)c1nc(C(=O)NC[C@@H]2[C@H]3CN(CC4CCOCC4)C[C@@H]23)c2ccccn12,90.2,cyp_2d6,train,train
2327,C[C@@H](O[C@H]1CN2C(=O)C=C(C3=CCN(C(C)(C)C)CC3)CC2[C@@H]1c1ccc(F)cc1)c1cc(C(F)(F)F)cc(C(F)(F)F)c1,35.7,cyp_2d6,train,test
2328,CC(c1ccccn1)c1c(CCN(C)C)sc2ccccc12,6.9,cyp_2d6,train,test
2329,C[C@@H](c1ccccn1)c1c(CCN(C)C)sc2ccccc12,28.0,cyp_2d6,train,test
2332,Cc1nsc(-c2nnc3n2CCN(C(=O)c2ccc(-c4cccs4)cc2)[C@@H]3C)n1,39.0,cyp_2d6,test,train
2334,CC(C)N1CCC[C@H](Cn2cnc3ccc(Oc4ccc(F)cc4)cc3c2=O)C1,21.0,cyp_2d6,test,train
2335,CC(C)N1CCC[C@H](Cn2cnc3ccc(-c4ccc(Cl)cc4)cc3c2=O)C1,0.2,cyp_2d6,train,train
2336,Cc1nc2ccc(-c3ccc(Cl)cc3)cc2c(=O)n1C[C@H]1CCCN(C(C)C)C1,9.6,cyp_2d6,train,test
2341,COc1cccnc1[C@H](C)c1c(CCN(C)C)sc2ccccc12,9.5,cyp_2d6,train,train
2350,CC(=O)Nc1cccc(O[C@H]2c3ccccc3C[C@@H]2N2CCCC2)c1,0.64,cyp_2d6,test,test
2358,Cc1cnc(C(=O)N2C[C@H](C(=O)N(C)Cc3cc(C(F)(F)F)cc(C(F)(F)F)c3)[C@@H](c3ccc(F)cc3C)C2)cn1,73.0,cyp_2d6,train,train
2362,Cc1c(CN(C2CCOCC2)[C@H]2CCNC2)cccc1C(F)(F)F,5.5,cyp_2d6,train,train
2363,CNS(=O)(=O)c1ccc2c(c1)CCC(C(=O)N(C)[C@H](CN1CC[C@H](O)C1)c1ccccc1)O2,0.32,cyp_2d6,train,train
2372,CN(C(=O)CC(=O)Nc1ccc(NS(C)(=O)=O)cc1)[C@H](CN1CC[C@H](O)C1)c1ccccc1,10.0,cyp_2d6,train,test
2373,CC(C)(C)CCC1(C(=O)c2cc(F)c3[nH]ccc3c2)CCNC1,0.6,cyp_2d6,test,test
2374,CC(C)(C)CCC1(C(=O)c2ccc(Cl)c(Cl)c2)CCNC1,8.75,cyp_2d6,test,train
2375,c1cc(OCCCN2CCC(Cc3c[nH]cn3)CC2)cc(OC2CCCCC2)c1,2.0,cyp_2d6,train,train
2382,CC(=O)N(CC(=O)N(C)[C@H](CN1CC[C@H](O)C1)c1ccccc1)c1ccccc1,0.3,cyp_2d6,train,test
2383,CN(C(=O)CNc1ccc(C(F)(F)F)cc1)[C@H](CN1CC[C@H](O)C1)c1ccccc1,0.19,cyp_2d6,train,train
2384,CCc1ccc(-c2ccc(C(=O)N(C)[C@H]3CCN(C(=O)N4CC[C@@H](N[C@@H](C)COC)C4)C3)cc2)cc1,25.11886,cyp_2d6,test,train
2388,CC(=O)c1sc(NC(=O)N[C@@H]2CCN(CCO)C[C@H]2CN2CCC[C@@H](Cc3ccc(F)cc3)C2)nc1C,23.0,cyp_2d6,train,train
2389,CC(=O)c1sc(NC(=O)N[C@@H]2CCN(Cc3ccco3)C[C@H]2CN2CCC[C@@H](Cc3ccc(F)cc3)C2)nc1C,0.78,cyp_2d6,test,train
2391,Cn1c(-c2ccc(-c3cnccn3)cc2)nnc1C1(c2ccc(Cl)cc2)CCC1,16.0,cyp_2d6,train,train
2392,Cc1cccc2nc(NC(=O)c3cccc(C(F)(F)F)c3)n([C@@H]3CCCCN(C(=O)/C=C/CN(C)C)C3)c12,16.7,cyp_2d6,train,train
2393,Cc1ncoc1-c1nnc(SCCCN2CC[C@]3(C[C@H]3c3ccc(C(F)(F)F)cc3)C2)n1C,1.3,cyp_2d6,train,train
2403,CCCCN1C(=O)C(CC(C)C)NC(=O)C12CCN(Cc1ccc(Oc3ccccc3)cc1)CC2,4.6,cyp_2d6,train,train
2407,CC(C)c1ccc(S(=O)(=O)n2cc(N3CCN(C)CC3)c3ccccc32)cc1,39.2,cyp_2d6,test,train
2409,N#Cc1cc(F)c(Cl)cc1O[C@H](CCN)c1ccccc1,0.34,cyp_2d6,train,train
2411,C[C@H](Nc1ccc(-c2ccnn2C)nc1)C(=O)Nc1ccc(-c2cccnc2)cn1,8.0,cyp_2d6,test,train
2423,Cc1cc(CCCOc2c(C)cc(-c3noc(C(F)(F)F)n3)cc2C)on1,1.25893,cyp_2d6,train,test
2427,NCC#Cc1cnccc1-c1ccoc1,4.6,cyp_2d6,train,test
2439,Cc1nnc2sc(C(=O)NCc3ccc(S(=O)(=O)C(F)F)cc3)c(N)c2c1C,20.8,cyp_2d6,train,train
2446,CCc1ncnc2cc(OC)c(OCC(O)CNC(C)(C)Cc3cc4ccccc4[nH]3)cc12,0.07,cyp_2d6,train,test
2449,CSc1ccccc1CNc1ncc([N+](=O)[O-])c(NCC2CCC(CN)CC2)n1,4.7,cyp_2d6,train,train
2457,CCCC1CNCCN1c1ccc2[nH]ncc2c1,0.58,cyp_2d6,train,train
2459,O=C(O)c1ccccc1Oc1ncc(Cl)cc1NS(=O)(=O)c1ccc(Cl)c(Cl)c1,100.0,cyp_2d6,train,train
2461,CC(C)(C)CCC1(C(=O)c2cc3ccccc3[nH]2)CCNC1,23.0,cyp_2d6,train,train
2464,Cc1nnc2sc(C(=O)NC3CN(c4cccc(F)c4F)C3)c(N)c2c1C,14.0,cyp_2d6,train,test
2466,Cc1cc(/C=C/C(=O)/C=C/c2cc(C)c(O)c(C)c2)cc(C)c1O,13.2,cyp_2d6,test,train
2467,O=C(/C=C/c1ccc(O)cc1)/C=C/c1ccc(O)cc1,100.0,cyp_2d6,test,train
2472,CN1CCCC(c2nc3ccccc3n2Cc2ccc(F)cc2)C1,2.5,cyp_2d6,train,train
2474,OCCN1CCCC(c2nc3ccccc3n2Cc2ccc(F)cc2)C1,4.4,cyp_2d6,train,train
2475,Cc1ccc(Cn2c([C@H]3CNCCO3)nc3ccccc32)cc1,28.3,cyp_2d6,train,train
2476,Cc1ccc(Cn2c(C3CNCCO3)nc3ccccc32)cc1C,5.35,cyp_2d6,train,train
2477,Cc1ccc(Cn2c(C3CNCCS3)nc3ccccc32)cc1,3.6500000000000004,cyp_2d6,train,train
2478,COc1ccc(Cn2c([C@H]3CNCCS3)nc3ccccc32)cc1,3.3,cyp_2d6,train,train
2484,Clc1ccccc1CN1CCc2sccc2C1,5.5464,cyp_2d6,test,train
2485,CN(C)CCN(Cc1cccs1)c1ccccn1,2.7564,cyp_2d6,train,train
2489,CC(C)OC(=O)c1ccc(NC(=O)N[C@@H](Cc2ccc(O)cc2)C(=O)N[C@H]2CCC[N+](C)(Cc3cccc(O)c3)C2)cc1,3.98107,cyp_2d6,train,train
2490,CC(=O)Nc1ccc(Cn2nc(-c3nc(CNC(=O)OC(C)(C)C)no3)c3ccccc32)cc1,13.0,cyp_2d6,train,test
2494,O=C(N[C@@H]1C[C@H]2CC[C@@H](C1)N2Cc1ccc2cc(F)ccc2c1)c1ccccc1-c1cccnc1,1.6,cyp_2d6,train,train
2496,Cc1ncn(-c2cc(Cl)c(C(=O)NC[C@@H](c3cccc(F)c3)c3ccc4[nH]c(C)nc4c3)c(Cl)c2)n1,31.65,cyp_2d6,train,train
2500,C[C@@H]1CN(c2ccc(C#N)cc2)CCN1c1nc(-c2ccncn2)cc(=O)n1C,24.0,cyp_2d6,train,train
2504,CCCN(C)CCC1=C(Cc2cnccn2)c2ccccc2C1,0.973,cyp_2d6,train,train
2505,CN(CCF)CCC1=C(Cc2cnccn2)c2ccccc2C1,3.093,cyp_2d6,train,train
2506,Cn1c(N2CCOC(c3ccc(F)cc3)C2)nc(-c2ccncc2)cc1=O,35.8,cyp_2d6,train,test
2522,COc1ncnc(N2Cc3cn(-c4cccc(S(C)(=O)=O)c4)nc3[C@H]2C(C)C)c1F,27.0,cyp_2d6,train,train
2523,Cc1cn2c(-c3cn[nH]c3)cnc2c(Nc2cc(C(NC(C)(C)C)c3ccccn3)ns2)n1,11.5,cyp_2d6,train,train
2536,Cc1cccc(C)c1CNc1nc(N2CCNC2=O)cc2c(C)c(C)[nH]c12,0.7,cyp_2d6,train,train
2540,C[C@@H](c1ncccc1F)c1c(CCN(C)C)sc2ccccc12,4.0,cyp_2d6,train,train
2542,FC1CN(CCC2=C(Cc3cnccn3)c3ccccc3C2)C1,6.466,cyp_2d6,train,train
2543,FC1CCN(CCC2=C(Cc3cnccn3)c3ccccc3C2)C1,4.293,cyp_2d6,train,test
2544,C[C@H](C1=C(CCN(C)Cc2ccco2)Cc2ccccc21)c1cnccn1,4.363,cyp_2d6,train,train
2545,C[C@H](C1=C(CCN(C)CC2CCOCC2)Cc2ccccc21)c1cnccn1,9.373,cyp_2d6,train,train
2546,C[C@H](c1ccccn1)c1c(CCN(C)C)sc2ccccc12,3.3,cyp_2d6,train,train
2553,Clc1cccc(Sc2ccccc2N2CCNCC2)c1Cl,0.5,cyp_2d6,train,train
2554,CN(C)CCC1=C(Cc2cnccn2)c2ccc(F)cc2C1,15.0,cyp_2d6,train,train
2555,N=C(N)NC(=O)c1ccc(C2CCN(C(=O)c3ccc(C(N)=O)cc3)CC2)c(C(F)(F)F)c1,12.0,cyp_2d6,test,train
2556,N=C(N)NC(=O)c1ccc(C2CCN(C(=O)c3ccccn3)CC2)c(C(F)(F)F)c1,27.0,cyp_2d6,train,test
2568,C[C@@H]1CN(c2ccccc2F)CCN1c1nc(-c2ccncn2)cc(=O)n1C,19.0,cyp_2d6,train,train
2573,CCCC1(C(=O)c2ccc(Cl)c(Cl)c2)CCCN1,4.0,cyp_2d6,train,train
2574,FC(F)(F)c1ccc(SCC(c2c[nH]cn2)C2CCNCC2)cc1,9.5,cyp_2d6,train,train
2577,Cc1nnc(C)n1-c1ccc(O[C@H]2c3ccccc3C[C@@H]2N2CCCC2)c(Cl)c1,0.73,cyp_2d6,train,test
2578,CC(=O)Nc1cccc(O[C@H]2c3ccccc3C[C@@H]2N2CCC[C@@H](N)C2)c1,5.1,cyp_2d6,train,train
2581,CN[C@H]1CCc2ccccc2[C@@H]1c1ccc(Cl)c(Cl)c1,0.008,cyp_2d6,train,train
2582,O=C(Nc1cnccn1)N1CCC(=Cc2cccc(Oc3ccc(C(F)(F)F)cn3)c2)CC1,25.1,cyp_2d6,train,test
2585,Cc1ncoc1-c1nnc(SCCCN2CC3CC3(c3cccc(S(F)(F)(F)(F)F)c3)C2)n1C,5.0,cyp_2d6,test,train
2593,CC(=O)c1sc(NC(=O)N[C@@H]2CN(CCO)CC[C@H]2CN2CCC[C@@H](Cc3ccc(F)cc3)C2)nc1C,12.0,cyp_2d6,train,train
2594,COCC(=O)N1CC[C@@H](NC(=O)Nc2nc(C)c(C(C)=O)s2)[C@H](CN2CCC[C@@H](Cc3ccc(F)cc3)C2)C1,1.2,cyp_2d6,train,train
2595,CCC(=O)N1CC[C@@H](NC(=O)Nc2nc(C)c(C(C)=O)s2)[C@H](CN2CCC[C@@H](Cc3ccc(F)cc3)C2)C1,0.14,cyp_2d6,train,train
2596,COC(=O)N1CC[C@@H](NC(=O)Nc2nc(C)c(C(C)=O)s2)[C@H](CN2CCC[C@@H](Cc3ccc(F)cc3)C2)C1,0.01,cyp_2d6,train,train
2597,CC(=O)c1sc(NC(=O)N[C@@H]2CN(C(=O)OC(C)(C)C)C[C@H]2CN2CCC[C@@H](Cc3ccc(F)cc3)C2)nc1C,0.8,cyp_2d6,train,train
2598,CC(=O)c1sc(NC(=O)N[C@@H]2CCN(C(=O)C3CCOCC3)C[C@H]2CN2CCC[C@@H](Cc3ccc(F)cc3)C2)nc1C,1.2,cyp_2d6,train,train
2604,CCN(CC)C(=O)c1ccc(C2=CC3(CCNC3)Oc3ccccc32)cc1,2.4,cyp_2d6,train,train
2606,Cc1nc2c(OCc3ccccc3)cccn2c1CC#N,82.0,cyp_2d6,train,train
2616,O=C(NCC1CCOCC1)c1cnc(Nc2ccc(Cl)cc2Cl)cc1C1CC1,55.0,cyp_2d6,test,train
2634,CCc1cc(NC(=O)N[C@H](C)C[C@@H](O)N2CCC[C@@H](Cc3ccc(F)cc3)C2)cc(-c2nnnn2C)c1,2.5,cyp_2d6,train,train
2635,C[C@H](CCN1CCC[C@@H](Cc2ccc(F)cc2)C1)NC(=O)Nc1cc(-c2nnnn2C)cc(C(C)(C)C(=O)O)c1,17.0,cyp_2d6,train,test
2636,Cn1ccc2c(Nc3cccc(Cl)c3)ncc(C(=O)N3CCOCC3)c21,21.0,cyp_2d6,train,train
2637,C[C@@H](NC(=O)Nc1cccc(-c2nnnn2C)c1)[C@@H](O)CN1CCC[C@@H](Cc2ccc(F)cc2)C1,2.6,cyp_2d6,train,train
2641,N[C@@H]1CCN(c2ccc(Cl)c(Cl)c2)c2ccccc21,4.87,cyp_2d6,train,train
2642,CN1CCN(c2cn(S(=O)(=O)c3ccc(F)cc3)c3ccc(Br)cc23)CC1,28.8,cyp_2d6,test,train
2648,c1cc2[nH]ncc2cc1N1CCNCC1CC1CCCCC1,1.05,cyp_2d6,train,train
2649,CCC[C@H]1CNCCN1c1ccc2[nH]ncc2c1,0.35,cyp_2d6,train,train
2651,Cc1nccn1-c1ccc(-c2cn(CC(=O)Nc3cccc(Cl)c3Cl)nn2)cc1,9.4,cyp_2d6,train,train
2653,C[C@@H](O[C@H]1CN2C(=O)[C@H]3C[C@@](C)(O)C[C@H]3[C@H]2[C@@H]1c1ccc(F)cc1)c1cc(C(F)(F)F)cc(C(F)(F)F)c1,17.38,cyp_2d6,train,train
2658,NC/C=C\CN(C[C@H]1Cc2ccccc2CN1)[C@H]1CCCc2cccnc21,0.33,cyp_2d6,train,train
2671,CC(C)(C)CCC1(C(=O)c2ccc(N)c(Cl)c2)CCNC1,4.0,cyp_2d6,test,test
2672,Cc1cccc2nc(C(=O)C3(CCC(C)(C)C)CCNC3)ccc12,9.0,cyp_2d6,train,test
2673,CC(C)CC1(C(=O)c2ccc3[nH]ncc3c2)CCCN1,6.0,cyp_2d6,train,train
2674,O=C(C1CCN(Cc2ccncc2)CC1)N1CCC(n2c(=O)n(CCN3CCCCC3)c3ccccc32)CC1,3.7,cyp_2d6,train,train
2676,CC(C)(C)c1ccc(SCC(c2ccccn2)c2c[nH]cn2)cc1,0.82,cyp_2d6,train,train
2677,FC(F)(F)c1ccc(SCC(c2ccncc2)c2c[nH]cn2)cc1,4.3,cyp_2d6,test,test
2688,CN(C[C@@H]1CCCN1C(=O)C[C@H](N)Cc1cc(F)c(F)cc1F)S(=O)(=O)C(F)(F)F,1.3,cyp_2d6,train,train
2693,COc1ccc(Cn2c(N3CCC(N(C)CC4CCOCC4)CC3)nc3ccccc32)cc1,8.185,cyp_2d6,train,train
2697,OC(CC1c2c(Cl)cccc2-c2cncn21)C1CCCCC1,88.0,cyp_2d6,train,train
2698,OC(CC1c2c(F)cccc2-c2cncn21)C1CCC(F)(F)CC1,20.0,cyp_2d6,train,train
2699,O=C1CCC(C(O)CC2c3c(F)cccc3-c3cncn32)CC1,95.0,cyp_2d6,test,train
2700,O[C@@H](C[C@H]1c2c(F)cccc2-c2cncn21)[C@H]1CC[C@H](O)CC1,94.0,cyp_2d6,train,train
2709,COc1cc(C(F)(F)F)cc(SC)c1C(=O)N[C@@]1(c2ccccc2)CCCN(C)C1,16.0,cyp_2d6,train,train
2721,CN(C(=O)CN(CC#N)c1ccc(Cl)c(Cl)c1)C(CN1CCCC1)c1ccc(-c2cccc(C(N)=O)c2)cc1,3.5,cyp_2d6,test,train
2722,CNC(=O)c1cccc(-c2ccc(C(CN3CCOCC3)N(C)C(=O)Cn3c(=O)cnc4cc(C)c(C)cc43)cc2)c1,33.0,cyp_2d6,train,train
2723,CN(CC(=O)N(C)C(CN1CCCC1)c1ccc(-c2ccccc2)cc1)c1ccc(Cl)c(Cl)c1,5.9,cyp_2d6,test,train
2727,O=C(Nc1ccc2cnn(S(=O)(=O)c3cccc4ccccc34)c2c1)C1CCCNC1,100.0,cyp_2d6,test,train
2731,CNC[C@]1(OC)Cc2ccccc2[C@@H]1Oc1ccccc1C,5.0,cyp_2d6,train,test
2740,COc1ccc(S(=O)(=O)n2nc(-c3nc(CN)no3)c3ccccc32)cc1OC,2.9,cyp_2d6,train,train
2744,COc1ccc(C2=NC(c3ccc(Cl)cc3F)C(C(=O)Nc3ccc4[nH]ncc4c3)=C(C)N2)cn1,1.2,cyp_2d6,train,train
2745,CC1=C(C(=O)Nc2cc3cn[nH]c3cc2F)C(c2ccc(Cl)cc2F)N=C(c2ccnc(Cl)c2)N1,5.2,cyp_2d6,test,train
2746,O=C(N[C@@H]1C[C@H]2CC[C@@H](C1)N2Cc1ccc2cc(F)ccc2c1)c1ncccc1C(=O)N1CCCCC1,23.5,cyp_2d6,train,train
2755,CCC(C)C(C(=O)OCC[N+](C)(CC)CC)c1ccccc1,0.2485,cyp_2d6,train,train
2756,COCC1CNCCN1c1ccc2[nH]ncc2c1,4.0,cyp_2d6,train,train
2762,N[C@H]1C[C@@H](N2Cc3nn4nccnc4c3C2)CO[C@@H]1c1cc(F)ccc1F,44.0,cyp_2d6,train,train
2768,Cc1cccc(C(CCCN)(c2ccccc2)c2ccccc2)c1,8.5,cyp_2d6,train,train
2769,COC(=O)[C@@H]1[C@H]2C[C@H]3c4[nH]c5ccccc5c4CCN3C[C@@H]2CC[C@@H]1O,2.0317,cyp_2d6,train,train
2774,CCCCCCc1nc2cc(/C=C/C(=O)NO)ccc2n1CCN(C)C,3.17,cyp_2d6,train,train
2779,C[C@H](C1=C(CCN(C)CCF)Cc2ccccc21)c1cnccn1,2.605,cyp_2d6,train,train
2781,CN(C)Cc1ccc(/C=C/c2n[nH]c3cc([C@@H]4C[C@@]45C(=O)Nc4ccccc45)ccc23)cc1,3.1,cyp_2d6,train,train
2789,Cc1ncoc1-c1nnc(SCCCN2CC[C@@]3(C[C@H]3c3ccc(F)cc3F)C2)n1C,1.2,cyp_2d6,train,train
2805,O=C(N[C@@H]1C[C@H]2CC[C@@H](C1)N2Cc1ccc2cc(F)ccc2c1)c1cc[n+]([O-])cc1C(=O)N1CCCCC1,29.0,cyp_2d6,train,train
2812,COc1ccc(/C=C/C(=O)c2cccnc2)cc1OC,1.1,cyp_2d6,train,train
2813,O=C(/C=C/c1ccc2ccccc2c1)c1cccnc1,10.0,cyp_2d6,test,train
2814,CN(C)c1ccc(/C=C/C(=O)c2ccc[nH]2)cc1,13.0,cyp_2d6,test,train
2815,O=C(/C=C/c1ccc(OC(F)(F)F)cc1)c1ccc[nH]1,16.0,cyp_2d6,test,train
2819,CCN1CCN(c2nc(C)nc3sc(-c4ccccc4)cc23)CC1,3.0,cyp_2d6,train,train
2827,COC(=O)C(C)(C)C(c1ccc(Nc2ccc3ccccc3c2)cc1)n1cncn1,1.8,cyp_2d6,train,train
2833,CCc1ccncc1C#CCN,6.6,cyp_2d6,train,train
2834,CCCc1ccncc1C#CCN,2.8,cyp_2d6,train,train
2835,COc1ccncc1-c1ccc(CN)o1,12.0,cyp_2d6,train,train
2836,CC(=O)c1cccc(NC(=O)N[C@@H]2CCCC[C@H]2CN2CCC[C@@H](Cc3ccc(F)cc3)C2)c1,0.04,cyp_2d6,test,train
2842,COCCN1CC=CC[C@H](c2ccc(Cl)c(Cl)c2)C1,3.9,cyp_2d6,train,test
2843,C1=CCC(c2ccc3ccccc3c2)CNC1,6.6,cyp_2d6,train,train
2844,CN1CC=CC[C@H](c2ccc(Cl)c(Cl)c2)C1,7.6,cyp_2d6,train,train
2845,O=C(Cc1ccc(-n2nc(C(F)(F)F)c3c2CCCC3)cc1)NC1CCCC1,8.0,cyp_2d6,test,train
2848,Cc1ccc2c(c1)CC(CCN(C)C)=C2[C@@H](C)c1cnccn1,22.0,cyp_2d6,train,train
2849,Cc1nccn1-c1cccnc1,100.0,cyp_2d6,train,train
2851,CN1C[C@H]2C[C@@H](N(Cc3cccc(OC(F)(F)F)c3)C(=O)c3cn(C)cn3)C[C@H]2C1,7.1,cyp_2d6,test,train
2854,Cc1cc(Cl)cc2c(-c3ccccc3)c(C(=O)O)c(N3CCCCC3)nc12,42.0,cyp_2d6,train,train
2865,COC(=O)C(C)(C)C(c1ccc(Nc2ccc3ccccc3c2)cc1)n1ccnc1,0.6,cyp_2d6,train,train
2870,C(=C/CN(C[C@H]1Cc2ccccc2CN1)[C@H]1CCCc2cccnc21)\CNC1CCOCC1,2.61,cyp_2d6,train,train
2871,CC(C)(CCN(C[C@H]1Cc2ccccc2CN1)[C@H]1CCCc2cccnc21)CNC1CCC(F)(F)CC1,2.04,cyp_2d6,train,train
2872,CC1(C)CCC(NCC(C)(C)CCN(C[C@H]2Cc3ccccc3CN2)[C@H]2CCCc3cccnc32)CC1,2.22,cyp_2d6,train,train
2881,CC/C(=C(\c1ccccc1)c1ccc(OCCN(C)C)cc1)c1ccccc1,13.7,cyp_2d6,test,test
2889,NC(=O)N1CCN(CCCN(C[C@H]2Cc3ccccc3CN2)[C@H]2CCCc3cccnc32)CC1,4.14,cyp_2d6,train,train
2892,CC(C)C(=O)N(Cc1cccc(Cl)c1Cl)[C@H]1CCNC1,27.1,cyp_2d6,test,train
2899,CC(C)(C)c1ccc(SCCc2c[nH]cn2)cc1,0.68,cyp_2d6,train,train
2901,CN1CCN(Cc2ccc(C(c3nnnn3Cc3ccccc3)N3CCCN(C4CCC4)CC3)cc2)CC1,1.7,cyp_2d6,train,train
2903,CCCC1(C(=O)c2ccc(N)c(Cl)c2)CCCN1,7.0,cyp_2d6,train,train
2906,OC(CC1c2ccccc2-c2cncn21)C1CCCCC1,2.2,cyp_2d6,train,train
2910,NC(=O)[C@]12CC3CC(C1)[C@@H](OC(=O)N1CC[C@@H](Nc4cccc(C(F)(F)F)n4)C1)C(C3)C2,5.9,cyp_2d6,train,train
2919,CCOC(=O)CCc1ccc(OC[C@H](O)CNC(C)(C)Cc2ccc3ccccc3c2)c(C#N)c1,0.003,cyp_2d6,test,train
2922,Cc1csc(N(C)C(=O)CSc2ccc(-c3ccccc3)nn2)n1,24.0,cyp_2d6,train,train
2935,COc1cc(/C=C/C(=O)/C=C(O)/C=C/c2ccc(O)c(OC)c2)ccc1O,50.3,cyp_2d6,train,test
2936,COCCCN1CCN([C@H]2CC[C@H](n3nc(-c4ccc5nc(Cc6ccccc6OC)[nH]c5c4)c4c(N)ncnc43)CC2)CC1,1.6,cyp_2d6,train,train
2938,O=C(NC1CC2CCC(C1)N2Cc1ccc2cc(F)ccc2c1)c1cc[n+]([O-])cc1C(=O)N1CCCCC1,29.0,cyp_2d6,train,train
2939,Nc1nc(N)c2nc(-c3ccccc3)c(N)nc2n1,10.0,cyp_2d6,train,train
2942,COc1ccc(C2=NC(c3ccc(Cl)cc3F)C(C(=O)Nc3ccc4[nH]ncc4c3)=C(C)N2)cc1,0.2,cyp_2d6,train,train
2957,CC(C)N1CCC(Oc2ccc3c(c2)cc(C(=O)N2CCC(F)(F)CC2)n3C(C)C)CC1,5.0,cyp_2d6,train,train
2958,CC(C)N1CCC(Oc2ccc3c(c2)cc2n3CCN(C)C2=O)CC1,15.0,cyp_2d6,train,train
2969,CNC(=O)c1cc2cc(C3(Cc4ccccc4)CCNC3)ccc2[nH]1,4.8,cyp_2d6,train,train
2970,c1ccc(CC2(c3ccc4cc[nH]c4c3)CCNC2)cc1,1.25,cyp_2d6,train,train
2978,C[C@@H]1CN(c2ccccc2C#N)CCN1c1nc(-c2ccncn2)cc(=O)n1C,27.0,cyp_2d6,train,train
2984,COc1cccc2c1[C@@H](c1ccccc1)N(C(=O)CNC[C@@H](C)O)CC2,17.9,cyp_2d6,test,test
2985,CC1(c2ccc3[nH]ccc3c2)CCNC1,8.7,cyp_2d6,train,train
2986,COc1cccc(CC2(c3ccc4[nH]ccc4c3)CCNC2)c1,0.1,cyp_2d6,train,train
2987,c1ccc(CC2(c3ccc4[nH]ncc4c3)CCNC2)cc1,0.4,cyp_2d6,train,train
2993,COCCN(C)C1CCN(c2nc3ccccc3n2Cc2ccc(F)cc2)CC1,4.444,cyp_2d6,train,train
2995,Cn1c(N2CCOC(C3CCC3)C2)nc(-c2ccncc2F)cc1=O,37.7,cyp_2d6,train,train
3007,O=S(=O)(c1ccc2[nH]c(SCc3cccc(Cl)c3)nc2c1)N1CCOCC1,11.0,cyp_2d6,test,train
3013,c1ccc(Cn2ccnc2)cc1,2.0,cyp_2d6,train,train
3016,CCN(CC)CCOc1ccc(/C(=C(/Cl)c2ccccc2)c2ccccc2)cc1,10.0,cyp_2d6,test,test
3024,Cn1c(=O)c2[nH]c(Cl)nc2n(C)c1=O,1.509,cyp_2d6,train,train
3025,CCn1cnc(-c2cccnc2)c1,100.0,cyp_2d6,train,train
3027,C[C@@H]1CN(c2ccccn2)CCN1c1nc(-c2ccncn2)cc(=O)n1C,40.0,cyp_2d6,train,train
3034,c1ccc(-c2nc3c(CN4CCCCC4)cccc3[nH]2)cc1,5.0,cyp_2d6,train,train
3036,CCS(=O)(=O)c1ccc2[nH]c(-c3ccc(F)c(-c4ccccc4)c3)nc2c1,16.0,cyp_2d6,train,train
3037,CCS(=O)(=O)c1ccc2[nH]c(-c3cc(-c4ccccc4)ccc3C)nc2c1,14.0,cyp_2d6,train,train
3041,O=c1c2ccccc2c(Cc2ccc(Cl)cc2)nn1C[C@H]1CCCN1CCCCc1ccc(OCCCN2CCCCCC2)cc1,0.04,cyp_2d6,train,test
3042,Cc1nccn1-c1ccc(OCC(=O)Nc2ccc(-c3ccccc3)cc2)cc1,1.9,cyp_2d6,train,test
3044,CN(C(=O)[C@H]1CCc2ccccc2O1)[C@H](CN1CC[C@H](O)C1)c1ccccc1,0.15,cyp_2d6,train,train
3046,CN(C)CCCn1nc(-c2cnc3[nH]cc(C(=O)NC(C)(C)CO)c3n2)c2cc(OC(F)F)ccc21,48.0,cyp_2d6,train,train
3047,COC(=O)N[C@H](C(=O)N1CCC[C@H]1c1ncc(-c2ccc(-c3ccc(C(F)(F)F)cc3)cc2)[nH]1)C(C)C,62.1,cyp_2d6,train,train
3048,CC(C)(C)NC(=O)c1c[nH]c2ncc(-c3nn(CCCS(C)(=O)=O)c4ccc(OC(F)F)cc34)nc12,11.0,cyp_2d6,train,train
3061,CN(C(=O)N1CC[C@H](n2cnc3cc(-c4ccc(Cl)cc4)sc3c2=O)C1)[C@H]1CCN(C2CCC(C)(C)CC2)C1,3.4,cyp_2d6,train,train
3062,CN(C)c1ccc(-c2nc3c(N4CCN(CC(=O)Nc5nccs5)CC4)c(Cl)cnc3[nH]2)cc1,10.0,cyp_2d6,test,train
3069,Cc1nc2n(c(=O)c1CCN1CCC(c3noc4cc(F)ccc34)CC1)CCCC2,5.2734,cyp_2d6,train,train
3080,CC1=C(C(=O)Nc2ccc3[nH]ncc3c2)C(c2ccc(Cl)cc2F)N=C(c2ccnc(Cl)c2)N1,5.7,cyp_2d6,test,train
3083,Clc1ccc(C23CNCC2C3)cc1Cl,7.0,cyp_2d6,train,train
3084,Cc1ccccc1OCC(O)CNC(C)(C)Cc1cc2ccccc2n1C,0.09,cyp_2d6,train,train
3087,Cc1ccc(Cn2c(N3CCC(N(C)C)CC3)nc3ccccc32)cc1,7.21,cyp_2d6,train,train
3089,O=C(c1ccccc1Oc1ccccc1)N(CC1CCC1)[C@H]1CCNC1,0.065,cyp_2d6,train,train
3090,O=C(c1ccccc1Oc1ccccc1)N(c1ccccc1)[C@H]1CCNC1,5.54,cyp_2d6,train,train
3091,Cc1ccc(-c2ccc(C(=O)N(C)[C@H]3CCN(C(=O)N4CC[C@@H](NC5CCC(C)(C)CC5)C4)C3)s2)cc1,3.5,cyp_2d6,train,train
3093,CCc1nc(N)nc(N)c1-c1ccc2c(c1)N(CCCC#N)C(=O)C(C)(c1cc(F)cc(F)c1)O2,27.9,cyp_2d6,train,test
3094,CCc1nc(N)nc(N)c1-c1ccc2c(c1)N(CCCOC)C(=O)C(CC)(CC)O2,12.0,cyp_2d6,train,test
3095,CCc1nc(N)nc(N)c1-c1ccc2c(c1)N(CCCOC)C(=O)C(C)(CC)O2,8.2,cyp_2d6,train,train
3097,CN(C(=O)[C@@H]1Cc2cc(NS(C)(=O)=O)ccc2O1)[C@H](CN1CC[C@H](O)C1)c1ccccc1,4.5,cyp_2d6,test,train
3098,CN(C(=O)[C@@H]1Cc2cccc(NS(C)(=O)=O)c2O1)[C@H](CN1CC[C@H](O)C1)c1ccccc1,1.2,cyp_2d6,test,train
3107,NCc1noc(-c2nn(CCc3ccccc3)c3ccccc23)n1,1.32,cyp_2d6,train,train
3112,CC(C)N[C@@H](C)C(O)COc1cccc2ccccc12,3.8,cyp_2d6,test,train
3115,COc1nccnc1CC1=C(CCN(C)C)Cc2cc(Cl)ccc21,0.69,cyp_2d6,train,train
3116,CN(C)CCC1=C(Cc2cccnn2)c2ccc(F)cc2C1,12.0,cyp_2d6,train,test
3118,Cc1cc(N2CCOc3ncnc(N)c3C2=O)cc(C)c1C#CC(C)(C)CC(=O)O,27.2,cyp_2d6,train,train
3126,O=C(c1ccc(OCCCN2CCC(Cc3c[nH]cn3)CC2)nc1)N1CCCCC1,2.0,cyp_2d6,train,train
3127,c1nc(CC2CCN(CCCOc3ccc(CN4CCCCC4)nc3)CC2)c[nH]1,3.0,cyp_2d6,train,train
3128,c1cnc2ccc(OCCCN3CCC(Cc4c[nH]cn4)CC3)cc2c1,2.0,cyp_2d6,train,train
3129,CN(C(=O)CNc1cccc(C#N)c1)[C@H](CN1CC[C@H](O)C1)c1ccccc1,3.0,cyp_2d6,train,train
3140,Clc1ccc(COC(Cn2ccnc2)c2ccc(Cl)cc2Cl)c(Cl)c1,1.0,cyp_2d6,test,train
3142,O=C(Cn1c(=O)oc2ccc(Cl)cc21)N1CCCC(c2ccccc2)C1CN1CCOCC1,3.5,cyp_2d6,train,train
3145,CCOc1ccccc1C[C@H](c1ccccc1)N1CCNCC1,30.0,cyp_2d6,train,train
3146,O=C(N[C@H]1CN2CCC1CC2)c1ccc2occc2c1,3.6,cyp_2d6,train,train
3147,COc1cc2nccc(Oc3ccc4c(C(=O)Nc5cccnc5)cccc4c3)c2cc1OC,17.0,cyp_2d6,train,train
3148,CC(C)c1nc(CN(C)C(=O)N[C@@H](Cc2cn(C)cn2)C(=O)N[C@H](CC[C@H](Cc2ccccc2)NC(=O)OCc2cncs2)Cc2ccccc2)cs1,0.6,cyp_2d6,test,train
3149,CC(C)c1nc(CN(C)C(=O)N[C@H](CCN2CCOCC2)C(=O)N[C@H](CC[C@H](Cc2ccccc2)NC(=O)OCc2cncs2)Cc2ccccc2)cs1,3.1,cyp_2d6,train,test
3150,CC(C)c1nc(CN(C)C(=O)N[C@@H](CCN)C(=O)N[C@H](CC[C@H](Cc2ccccc2)NC(=O)OCc2cncs2)Cc2ccccc2)cs1,0.8,cyp_2d6,train,train
3153,CCN(CC)Cc1cc(Nc2ccnc3cc(Cl)ccc23)ccc1O,6.1,cyp_2d6,train,train
3154,O=C(c1ccc(F)cc1)N1CCn2c(nnc2-c2ccccn2)C1,15.0,cyp_2d6,test,test
3155,C[C@@H]1c2nnc(-c3csc(-c4ccccc4)n3)n2CCN1C(=O)c1ccc(F)cc1,54.0,cyp_2d6,train,train
3156,CC(C)c1nc(-c2nnc3n2CCN(C(=O)c2ccc(-c4cccs4)cc2)[C@@H]3C)cs1,27.0,cyp_2d6,train,train
3158,N#Cc1csc(NC(=O)C2c3ccccc3Oc3ccccc32)n1,10.3,cyp_2d6,train,train
3168,O=C(NCCc1ccc(CN2CCCC2)cc1)c1ccc(-c2ccc(Cl)cc2)cc1,0.5,cyp_2d6,train,train
3169,CC(=O)NC1CCN(Cc2ccc(CCNC(=O)c3ccc(-c4ccc(F)cc4)cc3)cc2)CC1,6.5,cyp_2d6,train,test
3170,c1ccc(Cn2nnnc2C(c2ccc(-n3cncn3)cc2)N2CCCN(C3CCC3)CC2)cc1,0.7,cyp_2d6,train,test
3175,C[C@H](C1=C(CCN(C)Cc2ccncc2)Cc2ccccc21)c1cnccn1,7.957,cyp_2d6,test,train
3178,C[C@H](O)CNCC(=O)N1CCc2ccccc2C1C1CCCCC1,1.6,cyp_2d6,train,train
3179,CC(C)c1ccc2c(c1)C(C1CCCCC1)N(C(=O)CNC[C@@H](C)O)CC2,1.9,cyp_2d6,train,train
3185,CS(=O)(=O)N(c1ccccc1)c1cc(C(=O)N[C@@H](Cc2ccccc2)[C@H](O)CNCc2cccc(C(F)(F)F)c2)cc(C2CCCC2)c1,3.7,cyp_2d6,train,train
3192,Cc1ncoc1-c1nnc(SCCCN2CC3CC3(c3ccc(S(F)(F)(F)(F)F)cc3)C2)n1C,8.0,cyp_2d6,test,test
3193,Cn1c(N2CCO[C@@H](c3ccc(C#N)cc3F)C2)nc(-c2ccncn2)cc1=O,26.7,cyp_2d6,train,test
3194,COc1cc(F)ccc1[C@H]1CN(c2nc(-c3ccncn3)cc(=O)n2C)CCO1,18.0,cyp_2d6,train,train
3198,O=C(c1ccc(F)c(O)c1)c1nc2ccc(O)cc2s1,54.0,cyp_2d6,train,train
3200,Cc1c(Cc2ccc(=O)n(Cc3ccc(F)cc3F)n2)c2cc(F)ccc2n1CC(=O)O,16.0,cyp_2d6,test,train
3206,CN(C)CCCN1c2ccccc2Sc2ccccc21,0.3,cyp_2d6,test,train
3209,CNCC[C@@H](Oc1cc(OC)ccc1C#N)c1ccccc1,0.3,cyp_2d6,train,train
3213,C[C@@H]1CN[C@@H](C2CC2)C(=O)N(C)[C@H](C)C(=O)N[C@H](Cc2ccc(F)cc2)C(=O)NCCCc2ccccc2O1,84.0,cyp_2d6,train,train
3215,COC(=O)C1=C(C)NC(C)=C(C(=O)OC(C)C)C1c1cccc2nonc12,4.79,cyp_2d6,train,train
3223,O=C(C1CCC(F)(F)CC1)N1CC(c2nc(-c3cccc(Cl)c3)no2)C1,100.0,cyp_2d6,train,train
3225,COc1ccc(Cn2c(=O)n(C3CCN(C(=O)C4CCN(Cc5ccncc5)CC4)CC3)c3ccccc32)cc1,20.0,cyp_2d6,test,test
3234,Cc1ccc(C2CC=CCNC2)cc1Cl,5.6,cyp_2d6,train,train
3235,Clc1ccc(C2CC=CCNC2)cc1Cl,5.1,cyp_2d6,train,test
3238,COc1cnc(C(=O)Nc2ccc(F)c([C@@]3(C)N=C(N)CO[C@@H]3F)c2)cn1,0.6,cyp_2d6,train,train
3242,O=C(CN1CCCC2=C1C(=O)N(C1CC1)C2=O)Nc1ccc(-c2cccnc2)nn1,8.4,cyp_2d6,train,train
3243,O=C(NCc1ccncc1)c1nc(CS(=O)(=O)c2ccccc2)no1,9.4,cyp_2d6,train,train
3244,COc1cc(N)[nH]c2nc(-c3ccc(F)cc3)c(-c3ccncc3)c1-2,0.2,cyp_2d6,test,test
3259,CCC(NCCCC[C@@H](C[C@@H](OC)c1ccc(F)cc1)C(=O)NO)c1ccc(F)cc1,0.16,cyp_2d6,train,train
3263,CC(=O)c1sc(NC(=O)N[C@@H]2CN(C3CCN(C(C)=O)CC3)CC[C@H]2CN2CCC[C@@H](Cc3ccc(F)cc3)C2)nc1C,1.1,cyp_2d6,train,train
3264,CNC(=O)N1CC[C@@H](CN2CCC[C@@H](Cc3ccc(F)cc3)C2)[C@H](NC(=O)Nc2nc(C)c(C(C)=O)s2)C1,1.2,cyp_2d6,train,train
3265,CC(=O)c1sc(NC(=O)N[C@@H]2CN(C(C)=O)CC[C@H]2CN2CCC[C@@H](Cc3ccc(F)cc3)C2)nc1C,1.3,cyp_2d6,train,train
3266,CC(=O)c1sc(NC(=O)N[C@@H]2CCN(C)C[C@H]2CN2CCC[C@@H](Cc3ccc(F)cc3)C2)nc1C,2.2,cyp_2d6,train,test
3267,CNC(=O)N1CC[C@@H](NC(=O)Nc2nc(C)c(C(C)=O)s2)[C@H](CN2CCC[C@@H](Cc3ccc(F)cc3)C2)C1,0.55,cyp_2d6,train,train
3268,CCNC(=O)N1CC[C@@H](NC(=O)Nc2nc(C)c(C(C)=O)s2)[C@H](CN2CCC[C@@H](Cc3ccc(F)cc3)C2)C1,0.17,cyp_2d6,train,train
3273,CC(=O)c1sc(NC(=O)N[C@@H]2CCN(C(C)=O)C[C@H]2CN2CCC[C@@H](Cc3ccc(F)cc3)C2)nc1C,1.4,cyp_2d6,train,train
3274,CC(=O)c1sc(NC(=O)N[C@@H]2CCNC[C@H]2CN2CCC[C@@H](Cc3ccc(F)cc3)C2)nc1C,20.0,cyp_2d6,train,train
3275,CC(=O)c1sc(NC(=O)N[C@@H]2CCOC[C@H]2CN2CCC[C@@H](Cc3ccc(F)cc3)C2)nc1C,0.49,cyp_2d6,train,train
3276,CC(=O)c1cccc(NC(=O)N/C=C/CN2CCC[C@@H](Cc3ccc(F)cc3)C2)c1,0.68,cyp_2d6,test,train
3278,O=c1[nH]nc(-c2c(N3CCCCC3)nc3ccc(Cl)cc3c2-c2ccccc2)o1,38.0,cyp_2d6,train,train
3293,COc1ccc2c(c1)CC(CCN(C)C)=C2[C@@H](C)c1nccs1,5.6,cyp_2d6,train,train
3296,O=C(Nc1ccc(Oc2ccc(F)cc2)cc1)[C@@H]1C[C@@H](Cc2ccc(F)cc2)CN1C(=O)Cn1ccnn1,20.325,cyp_2d6,test,test
3297,CCSc1ccccc1C(=O)N(CC1CCC1)[C@H]1CCNC1,0.48,cyp_2d6,test,train
3299,O=S(=O)(Nc1ccc(-c2cc[nH]n2)cc1)c1cc(Cl)cc(Cl)c1,11.8,cyp_2d6,train,test
3302,CN(C[C@H]1Cc2c(cccc2N2CCN(C3CC3)CC2)CN1)[C@H]1CCCc2cccnc21,6.09,cyp_2d6,train,test
3304,CCNc1cc(C(=O)N[C@@H](Cc2ccccc2)[C@H](O)CNCc2cccc(C(F)(F)F)c2)c(F)c(N2CCCCS2(=O)=O)c1,6.2,cyp_2d6,train,train
3314,COc1ccc2cc(-c3cncc4ccccc34)ccc2c1,33.11,cyp_2d6,train,train
3315,Cc1cc(C2CC=CCN(C)C2)ccc1Cl,18.0,cyp_2d6,train,train
3316,Clc1ccc([C@@H]2CC=CCNC2)cc1Cl,3.1,cyp_2d6,test,train
3317,Fc1cc(F)c(F)c(O[C@H](c2ccccc2)[C@@H]2CCNC2)c1F,3.98107,cyp_2d6,train,train
3318,Fc1ccc(O[C@@H](c2ccccc2)[C@H]2CCNC2)c(Cl)c1,0.50119,cyp_2d6,train,train
3319,Clc1cccc(O[C@@H](c2ccccc2)[C@H]2CCNC2)c1,0.25119,cyp_2d6,train,train
3321,FC1(F)CCC(NC/C=C\CN(C[C@H]2Cc3ccccc3CN2)[C@H]2CCCc3cccnc32)CC1,0.54,cyp_2d6,train,train
3322,NC[C@H]1CC[C@H](CN(C[C@H]2Cc3ccccc3CN2)[C@H]2CCCc3cccnc32)CC1,12.0,cyp_2d6,train,train
3326,c1ccc(CC2(c3ccc4[nH]ccc4c3)CCNC2)nc1,3.5,cyp_2d6,test,test
3329,Cn1c(=O)c2c(cc(N3CCC[C@@](C)(N)C3)n2Cc2cc(F)ccc2C#N)n(C)c1=O,38.0,cyp_2d6,test,train
3333,CC(=O)N[C@H](C[C@@H](C)NC(=O)Nc1cccc(-c2nnnn2C)c1)N1CCC[C@@H](Cc2ccc(F)cc2)C1,3.8,cyp_2d6,train,train
3334,Cc1cc(NC(=O)N[C@H](C)C[C@@H](O)N2CCC[C@@H](Cc3ccc(F)cc3)C2)cc(-c2nnnn2C)c1,3.5,cyp_2d6,train,train
3335,CC(=O)c1cc(NC(=O)N[C@@H](C)CCN2CCC[C@@H](Cc3ccc(F)cc3)C2)cc(C(C)=O)c1,3.5,cyp_2d6,test,train
3336,CCc1cc(NC(=O)NCCCN2CCC[C@@H](Cc3ccc(F)cc3)C2)cc(-c2nnnn2C)c1,1.3,cyp_2d6,train,train
3337,Cn1nnnc1-c1cccc(NC(=O)NCCCN2CCC[C@@H](Cc3ccc(F)cc3)C2)c1,1.6,cyp_2d6,train,train
3354,COc1cc([C@H]2c3cc(O)c(OC)cc3C[C@@H](CO)[C@@H]2CO)ccc1O,97.7,cyp_2d6,train,test
3361,CC(C)(Cc1cc2ccccc2[nH]1)NCC(O)COc1ccc(C#N)cc1,0.12,cyp_2d6,train,test
3362,CCCS(=O)(=O)N(Cc1ccccc1-c1ccccc1)[C@H]1CCNC1,0.185,cyp_2d6,train,train
3363,O=C(OC(C(F)(F)F)C(F)(F)F)N1CCN(Cc2ccc(C(F)(F)F)cc2N2CCCC2)CC1,6.5,cyp_2d6,test,train
3368,C[C@H](C1=C(CCN(C)C)Cc2ccccc21)c1cnccn1,50.5,cyp_2d6,train,train
3371,Oc1cccc(-c2ccc(-c3ccc(O)c(F)c3)s2)c1,1.5,cyp_2d6,train,train
3374,CN1CCN(C(=O)c2ccccc2C(=O)N[C@@H]2C[C@H]3CC[C@@H](C2)N3Cc2ccc3cc(F)ccc3c2)CC1,7.1,cyp_2d6,train,train
3376,O=C(Cc1ccc(F)cc1)N1CCC(C(O)CC2c3ccccc3-c3cncn32)CC1,4.8,cyp_2d6,train,train
3377,O[C@H](C[C@H]1c2c(F)cccc2-c2cncn21)[C@H]1CC[C@H](O)CC1,86.0,cyp_2d6,train,test
3379,C#C[C@]1(O)CC[C@H]2[C@@H]3CCC4=Cc5oncc5C[C@]4(C)[C@H]3CC[C@@]21C,2.74,cyp_2d6,train,train
3384,O=C(Cc1ccncc1)N1CCC(C(O)CC2c3ccccc3-c3cncn32)CC1,40.0,cyp_2d6,test,train
3385,O[C@H](C[C@H]1c2c(F)cccc2-c2cncn21)[C@H]1CC[C@@H](O)CC1,38.0,cyp_2d6,train,train
3387,CCN(CC)C(=O)c1ccc(C2=CC3(CCNCC3)Oc3ccccc32)o1,0.64,cyp_2d6,train,train
3388,CNC[C@]1(O)Cc2ccccc2[C@@H]1Oc1ccc(F)cc1C,1.5,cyp_2d6,train,test
3396,O=C([C@@H]1C[C@H]1c1ccc(C(F)(F)F)cc1)N1CCN(S(=O)(=O)c2cc(-c3nnc[nH]3)cc(C(F)(F)F)c2)CC1,11.0,cyp_2d6,train,train
3397,CN(C(=O)CNc1ccccc1CNS(C)(=O)=O)[C@H](CN1CC[C@H](O)C1)c1ccccc1,1.5,cyp_2d6,train,test
3399,CNc1nc(NC2CCC(C(=O)NCc3ccccc3C(F)(F)F)CC2)nc(N(C)CCN(C)C)n1,33.0,cyp_2d6,train,train
3400,O=C(Nc1ccc(Oc2ccc(F)cc2)cc1)[C@@H]1C[C@@H](Cc2ccccc2)CN1C(=O)Cn1cncn1,0.392,cyp_2d6,train,train
3406,Cn1c(-c2ccc(-c3cnccn3)cc2Cl)nnc1C1(c2ccc(Cl)cc2)CC(F)C1,25.0,cyp_2d6,train,train
3422,CN(C/C=C/C#CC(C)(C)C)Cc1cccc2ccccc12,0.2,cyp_2d6,test,train
3427,CN(C(=O)[C@H]1CCc2cc(CNS(C)(=O)=O)ccc2O1)[C@H](CN1CC[C@H](O)C1)c1ccccc1,3.9,cyp_2d6,train,train
3430,CCCS(=O)(=O)NCc1ccc2c(c1)C[C@@H](C(=O)N(C)[C@H](CN1CC[C@H](O)C1)c1ccccc1)O2,5.0,cyp_2d6,test,train
3433,CCN(CC(O)(CNC(=O)c1cnn(-c2ccc(F)cc2)c1N)C(F)(F)F)C(=O)c1c(Cl)cccc1Cl,89.0,cyp_2d6,train,train
3434,Nc1c(C(=O)NCC(O)(CN(CCO)C(=O)c2c(F)cccc2F)C(F)(F)F)cnn1-c1ccc(F)cc1,100.0,cyp_2d6,train,train
3437,NC(=O)c1nc(-c2cccc(-c3ccccc3OC(F)(F)F)c2)cs1,48.0,cyp_2d6,train,train
3441,CCCS(=O)(=O)Nc1ccc2c(c1)CC[C@H](C(=O)N(C)[C@H](CN1CC[C@H](O)C1)c1ccccc1)O2,6.7,cyp_2d6,train,test
3443,CC(=O)c1sc(NC(=O)N[C@@H]2CN(C3CCN(C)CC3)CC[C@H]2CN2CCC[C@@H](Cc3ccc(F)cc3)C2)nc1C,12.0,cyp_2d6,train,train
3458,Cc1cccc(Sc2ccccc2N2CCNCC2)c1C,3.3,cyp_2d6,train,train
3460,Cc1c2ccc(N(C)c3ccnc(Nc4cccc(S(N)(=O)=O)c4)n3)cc2nn1C,16.0,cyp_2d6,train,test
3463,CC(C)c1cc(Nc2ccc(Cl)cc2Cl)ncc1C(=O)NCC1CCOCC1,28.0,cyp_2d6,train,test
3465,C[C@@H]1CN(Cc2ccc(-n3ccnc3C(=O)N3CCC(Nc4cccc(F)c4)CC3)cc2)C[C@H](C)N1,29.0,cyp_2d6,train,train
3467,COc1cccc([C@H]2CN(c3nc(-c4ccncn4)cc(=O)n3C)CCO2)c1,26.6,cyp_2d6,train,train
3468,COc1ccc([C@H]2CN(c3nc(-c4ccncn4)cc(=O)n3C)CCO2)cc1,6.9,cyp_2d6,train,train
3469,Cn1c(N2CCO[C@@H](c3ccc(F)cc3)C2)nc(-c2ccncc2F)cc1=O,22.1,cyp_2d6,train,train
3472,Cc1nc2ccc(N(C)c3ccnc(Nc4cccc(S(N)(=O)=O)c4)n3)cc2n1C,25.0,cyp_2d6,train,test
3475,CCc1cc(-c2ccc(NS(=O)(=O)c3cc(C(F)(F)F)cc(C(F)(F)F)c3)cc2)ccn1,0.7,cyp_2d6,test,test
3486,c1ccc(COc2ccc3c(c2)CCN(CC2CC2)CC3)cc1,1.5,cyp_2d6,test,train
3490,Cc1cscc1-c1ccc(F)nc1,100.0,cyp_2d6,train,train
3491,O=S(=O)(Nc1ccc2c(c1)CCN(Cc1cc[nH]n1)CC2)c1ccc(-c2ccccn2)s1,0.2,cyp_2d6,train,train
3492,O=S(=O)(Cc1ccc2c(c1)CCNCC2)c1ccc(N2CCCCC2)nc1,1.1,cyp_2d6,train,train
3495,Cc1cc2c(NC(=O)N[C@@H]3CC(C)(C)Oc4cc(OC(F)(F)F)ccc43)cccc2cn1,6.0,cyp_2d6,train,train
3500,CN1C[C@@H]2CCCC[C@]2(c2ccc3ccccc3c2)C1,0.56,cyp_2d6,train,train
3507,NCc1noc(-c2nn(Cc3ccccc3)c3ccccc23)n1,0.09,cyp_2d6,train,test
3508,Cc1cc(C)cc(Cn2nc(-c3nc(CN)no3)c3ccccc32)c1,3.73,cyp_2d6,train,train
3510,CN(C(=O)CNc1ccccc1)[C@H](CN1CC[C@H](O)C1)c1ccccc1,4.1,cyp_2d6,train,train
3511,CN(C(=O)CNc1ccc(C#N)cc1)[C@H](CN1CC[C@H](O)C1)c1ccccc1,2.5,cyp_2d6,train,train
3517,CC(=O)NC1CCN(Cc2ccc(CCN(C)C(=O)c3ccc(-c4ccc(F)cc4)cc3)cc2)CC1,15.0,cyp_2d6,train,test
3524,C=CCN1CC[C@]23c4c5ccc(O)c4O[C@H]2C(=O)CC[C@@]3(O)[C@H]1C5,2.0,cyp_2d6,train,train
3525,COCCc1ccc(OCC(O)CNC(C)(C)CSc2ccccc2C)cc1,0.28,cyp_2d6,test,train
3526,c1ccc2c(c1)CN[C@@H](CN(Cc1ccc(CNC3CCOCC3)cc1)[C@H]1CCCc3cccnc31)C2,0.507,cyp_2d6,train,train
3527,c1ccc(CNCc2ccc(CN(C[C@H]3Cc4ccccc4CN3)[C@H]3CCCc4cccnc43)cc2)nc1,0.377,cyp_2d6,train,train
3528,FC1(F)CCC(NC/C=C/CN(C[C@H]2Cc3ccccc3CN2)[C@H]2CCCc3cccnc32)CC1,1.45,cyp_2d6,train,train
3537,COC(=O)NCc1ccc2c(c1)CC[C@H](C(=O)N(C)[C@H](CN1CC[C@H](O)C1)c1ccccc1)O2,4.2,cyp_2d6,train,train
3538,CNCC[C@@H](Oc1cc(Cl)ccc1C#N)c1ccccc1,1.0,cyp_2d6,train,train
3546,COc1ccc(/C=C/C=C/C(=O)c2ccc[nH]2)cc1,18.0,cyp_2d6,train,train
3547,COc1ccc(/C=C/C(=O)c2ccc[nH]2)cc1,16.0,cyp_2d6,test,train
3548,O=C(c1ccc(C2=CC3(CCNCC3)Oc3ccccc32)cc1)N1CCOCC1,7.6,cyp_2d6,train,test
3549,CCN(CC)C(=O)c1ccc(C2=CC3(CCNCC3)Oc3ccccc32)c(F)c1,7.5,cyp_2d6,train,train
3554,O=C1O[C@@H](Cn2ccnn2)CN1c1ccc(-c2cccnc2)c(F)c1,6.6,cyp_2d6,train,test
3556,Cc1cccc(C)c1CNc1nc(N2CCCC2=O)cc2c(C)c(C)[nH]c12,1.9,cyp_2d6,train,train
3559,Cc1c(OCC(F)(F)F)ccnc1C[S+]([O-])c1nc2ccccc2[nH]1,4.1074,cyp_2d6,train,train
3563,COc1ccc(Cn2c(C3CNCCS3)nc3ccccc32)cc1,7.0,cyp_2d6,train,train
3566,NCCC(=O)Nc1cccc2c1cnn2S(=O)(=O)c1cccc2ccccc12,100.0,cyp_2d6,train,train
3567,O=C(Nc1ccc2cnn(S(=O)(=O)c3cccc4ccccc34)c2c1)C1CCNCC1,100.0,cyp_2d6,test,train
3571,CC(c1nccs1)c1c(CCN(C)C)sc2ccccc12,100.0,cyp_2d6,train,train
3572,COc1ncccc1[C@@H](C)c1c(CCN(C)C)sc2ccccc12,9.6,cyp_2d6,train,train
3574,OC(CCN1CCCCC1)(c1ccccc1)C1CCCCC1,2.4498,cyp_2d6,train,test
3585,Cc1c(COc2cccc(OCC3CCOCC3)c2)[nH]c2ccc(-c3cccnc3)cc2c1=O,1.9,cyp_2d6,train,train
3587,Clc1cccc(OC(c2ccccn2)[C@H]2CCNC2)c1Cl,5.3,cyp_2d6,train,train
3590,C[C@H](C1=C(CCN(C)C)Cc2ccccc21)c1ccccn1,32.5,cyp_2d6,train,train
3591,C[C@@H](c1ccccn1)c1c(CCN(C)C)oc2ccccc12,3.3,cyp_2d6,train,test
3594,COc1ccc2c(-n3c(=O)n(Cc4cccc([C@@]5(C)OC(=O)NC5=O)c4)c4ccccc43)noc2c1,91.0,cyp_2d6,train,train
3596,CC(C)c1ccccc1C(=O)N(CC1CCC1)[C@H]1CCNC1,3.17,cyp_2d6,test,train
3598,CCCNCC(O)COc1ccccc1C(=O)CCc1ccccc1,4.6034,cyp_2d6,train,train
3600,C[C@H](CC(=O)N1CCC[C@@H](Cc2ccc(F)cc2)C1)NC(=O)Nc1cccc(-c2nnnn2C)c1,4.4,cyp_2d6,train,train
3601,CC(=O)c1cc(NC(=O)NCCCN2CCC[C@@H](Cc3ccc(F)cc3)C2)cc(C(C)=O)c1,2.2,cyp_2d6,test,train
3605,COCC(=O)N1CC[C@@H](CN2CCC[C@@H](Cc3ccc(F)cc3)C2)[C@H](NC(=O)Nc2nc(C)c(C(C)=O)s2)C1,1.2,cyp_2d6,train,test
3606,CC(=O)c1sc(NC(=O)N[C@@H]2CN(C(=O)C3CC3)CC[C@H]2CN2CCC[C@@H](Cc3ccc(F)cc3)C2)nc1C,0.08,cyp_2d6,train,train
3613,CC(C)C(=O)N(Cc1ccc(Cl)cc1Cl)[C@H]1CCNC1,21.8,cyp_2d6,test,train
3618,CS(=O)(=O)c1ccc2c(c1)nc1n2C[C@H](N)[C@@H](c2cc(F)c(F)cc2F)C1,1.5,cyp_2d6,train,train
3619,N[C@H]1Cn2c(nc3ncccc32)C[C@@H]1c1cc(F)c(F)cc1F,5.2,cyp_2d6,train,train
3620,N[C@H]1Cn2c(nc3cnc(F)cc32)C[C@@H]1c1cc(F)c(F)cc1F,12.0,cyp_2d6,test,train
3621,N#Cc1ccc(OC[C@@H]2CCCN2C(=O)C[C@H](N)Cc2cc(F)c(F)cc2F)nc1,1.8,cyp_2d6,test,test
3628,CC(C)(C)C(=O)N1CC[C@H](N(Cc2ccccc2C(F)(F)F)c2ccc(C#N)c(Cl)c2)C1,16.0,cyp_2d6,test,train
3632,CC(C)CS(=O)(=O)N1CC[C@H](N(Cc2ccccc2C(F)(F)F)c2ccc(C#N)c(Cl)c2)C1,13.0,cyp_2d6,test,train
3633,Cc1ccccc1CN(c1ccc(C#N)c(Cl)c1)[C@H]1CCN(S(C)(=O)=O)C1,22.0,cyp_2d6,test,train
3634,CCC(=O)N1CC[C@H](N(Cc2ccccc2C)c2ccc(C#N)c(Cl)c2)C1,20.0,cyp_2d6,test,train
3638,CC(C)(Cc1c[nH]c2ccc(O)cc12)NCC(O)COc1ccccc1C#N,0.08,cyp_2d6,train,train
3639,CC(C)N1CCN(C(=O)N2CCC(C(C)(C)C)CC2)CC1,7.0,cyp_2d6,test,test
3642,CC(C)c1nc2ccc(Oc3ccc(F)cc3)cc2c(=O)n1C[C@H]1CCCN(C(C)C)C1,7.2,cyp_2d6,test,train
3643,CCCC1(C(=O)c2ccc3[nH]ccc3c2)CCCN1,0.3,cyp_2d6,test,test
3644,CCC[C@@]1(C(=O)c2ccc(Cl)c(Cl)c2)CCCN1,12.0,cyp_2d6,train,train
3645,CNCC[C@@H](c1ccc(Cl)c(Cl)c1)n1nnc(C)n1,6.9,cyp_2d6,train,test
3646,Fc1ccc(Cn2c(C3CCCN(Cc4ncco4)C3)nc3ccccc32)cc1,25.700000000000003,cyp_2d6,train,train
3649,CCOCC1(C(=O)c2cc(F)c3[nH]ccc3c2)CCNC1,4.1,cyp_2d6,test,train
3650,CC(C)(C)CCC1(C(=O)c2cnc(N)c(Cl)c2)CCNC1,36.0,cyp_2d6,train,train
3651,CC(C)Cn1c(=O)n(C2CCN(C(=O)C3CCN(Cc4ccncc4)CC3)CC2)c2ccccc21,1.9,cyp_2d6,test,test
3654,COc1cc(N)c(Cl)cc1C(=O)NC1CCN(CCCOc2ccc(F)cc2)CC1OC,0.07,cyp_2d6,train,train
3655,Cc1ccc2c(c1)CC(CCN(C)C)=C2[C@@H](C)c1nccs1,1.4,cyp_2d6,train,test
3657,CC(Oc1ccc2nc(N)n(CC(O)c3ccc(C(F)(F)F)cc3Cl)c2n1)C(F)(F)F,28.3,cyp_2d6,test,train
3662,CN(C(=O)CNc1ccccc1C#N)[C@H](CN1CC[C@H](O)C1)c1ccccc1,0.51,cyp_2d6,train,test
3670,c1ccc(CCC2CNCCN2c2ccc3[nH]ncc3c2)cc1,0.06,cyp_2d6,train,train
3671,c1ccc(C2CNCCN2c2ccc3[nH]ncc3c2)cc1,0.3,cyp_2d6,train,test
3672,c1cc2[nH]ncc2cc1N1CCNC[C@H]1CC1CCOCC1,4.7,cyp_2d6,train,train
3676,COc1cc(C2=NC(c3ccc(Cl)cc3F)C(C(=O)Nc3ccc4[nH]ncc4c3)=C(C)N2)ccn1,3.7,cyp_2d6,test,train
3677,COc1cc(C2=NC(c3ccc(Cl)cc3F)C(C(=O)Nc3cc4cn[nH]c4cc3F)=C(C)N2)ccn1,2.1,cyp_2d6,test,train
3682,COc1ccccc1[C@H]1CN(c2nc(-c3ccncn3)cc(=O)n2C)CCO1,16.0,cyp_2d6,train,train
3683,CC(C)NCC(O)COc1ccc(CCOCC2CC2)cc1,66.0,cyp_2d6,train,test
3684,CC(C)(Cc1c[nH]c2ccccc12)NCC(O)COc1ccc(F)cc1C#N,0.05,cyp_2d6,train,train
3689,CC(=O)N1CCN(c2ccc(OCC3COC(Cn4ccnc4)(c4ccc(Cl)cc4Cl)O3)cc2)CC1,16.3,cyp_2d6,train,train
3698,Cc1cccc(C)c1CNc1cc(-c2ccco2)cn2c(C)c(C)nc12,2.2,cyp_2d6,train,train
3699,Cc1cccc(C)c1CNc1cc(-n2ccccc2=O)cn2c(C)c(C)nc12,97.0,cyp_2d6,test,train
3700,CCc1cccc(C)c1CNc1cccn2c(C)c(C)nc12,1.1,cyp_2d6,train,train
3704,COC(=O)Nc1ccc2c(c1)CCC(C(=O)N(C)[C@H](CN1CC[C@H](O)C1)c1ccccc1)O2,7.4,cyp_2d6,train,train
3706,CC(=O)Nc1ccc2c(c1)CCC(C(=O)N(C)[C@H](CN1CC[C@H](O)C1)c1ccccc1)O2,2.9,cyp_2d6,train,train
3707,CC(C)(Cc1c[nH]c2ccccc12)NCC(O)COc1cccc2ccccc12,0.03,cyp_2d6,train,train
3708,C[C@@H](O)CNCC(=O)N1CCc2cccc(F)c2C1c1ccccc1,1.3,cyp_2d6,train,train
3719,CS(=O)(=O)N1CC[C@H](N(Cc2ccccc2)c2ccc(C#N)c(Cl)c2)C1,14.0,cyp_2d6,test,train
3720,COC(=O)N1CC[C@H](N(Cc2cccc(F)c2F)c2ccc(C#N)c(Cl)c2)C1,6.7,cyp_2d6,test,test
3731,O=C(NCC1CCOCC1)c1cnc(Nc2cccc(Br)c2)cc1C1CC1,16.0,cyp_2d6,test,test
3733,Cc1csc(NC(=O)NC2(C)CN(C)C(=O)OC2CN2CCC[C@@H](Cc3ccc(F)cc3)C2)n1,2.1,cyp_2d6,train,test
3735,Oc1cccc(-c2ccc3c(-c4cccnc4)c(O)ccc3c2)c1,22.9,cyp_2d6,test,test
3736,CC(C)(Cc1c[nH]c2ccccc12)NCC(O)COc1ccccc1,0.03,cyp_2d6,train,train
3740,O=C(NC1CCCCC1)c1nc(CS(=O)(=O)c2ccccc2)no1,20.0,cyp_2d6,train,train
3741,c1cc(-c2noc(C3CCCCC3)n2)ccn1,10.0,cyp_2d6,train,train
3743,Cc1coc([C@H]2C[C@H]3CSC(N)=N[C@@]3(c3ccc(F)cc3F)CO2)n1,5.5,cyp_2d6,train,train
3744,Cc1cc([C@H]2C[C@H]3[C@@H](C)SC(N)=N[C@@]3(c3ccc(F)cc3F)CO2)on1,14.2,cyp_2d6,train,test
3745,Cc1cc([C@H]2C[C@H]3[C@@H](CF)SC(N)=N[C@@]3(c3ccc(F)cc3F)CO2)on1,30.0,cyp_2d6,train,train
3746,NC1=N[C@@]2(c3ccc(F)cc3F)CO[C@@H](C3CC3)C[C@H]2CS1,1.4,cyp_2d6,train,train
3750,CC(C)(Cc1csc2ccccc12)NCC(O)COc1ccccc1C#N,0.05,cyp_2d6,test,train
3753,CN1C[C@H]2CCCC[C@@]2(c2ccc3ccccc3c2)C1,13.6,cyp_2d6,train,test
3755,CC(C)(C)NC(=O)NCCN1CCC(NC(=O)c2cc(Cl)cc(Cl)c2)C1,2.6,cyp_2d6,train,train
3756,CC(C)(C)NC(=O)NCCN1CCC(CNC(=O)c2cc(Cl)cc(Cl)c2)C1,1.0,cyp_2d6,train,train
3757,CC(C)(C)NC(=O)NCCN1CCCC(CNC(=O)c2cc(Cl)cc(Cl)c2)C1,1.6,cyp_2d6,test,train
3758,CC(C)(C)NC(=O)NCCN1CCC(CNC(=O)c2cc(Cl)cc(Cl)c2)CC1,3.4,cyp_2d6,train,train
3759,CC(C)(C)NC(=O)NCCN1CCN(CC(=O)Nc2cc(Cl)cc(Cl)c2)CC1,8.0,cyp_2d6,train,train
3764,Cn1c(=O)c2c(cc(N3CCC[C@@H](N)C3)n2Cc2cc(F)ccc2C#N)n(C)c1=O,7.5,cyp_2d6,test,train
3765,CC[C@@H](Oc1cccc(Cn2c(C)c(C(=O)c3ccc(Cl)cc3)c3ccc(OC(F)(F)F)cc32)c1)C(=O)O,7.0,cyp_2d6,train,train
3767,Cc1ccc(C2(C(=O)N(C)Cc3cccs3)CC2)cc1,72.0,cyp_2d6,train,train
3769,COc1cc([C@H]2c3cc(O)c(OC)cc3C[C@H]3C(=O)OC[C@H]23)ccc1O,17.7,cyp_2d6,train,train
3779,Clc1ccccc1CC(c1ccccc1)N1CCNCC1,0.55,cyp_2d6,train,train
3784,N=C(Nc1ccc2c(c1)CCN2C1CCNCC1)c1cccs1,0.75,cyp_2d6,train,train
3786,CN1CCC2(CC1)C(=O)Nc1cc(/C=C3\c4ccccc4COc4cc(F)ccc43)ccc12,7.624,cyp_2d6,test,train
3787,C[C@H](C1=C(CCN(C)C)Cc2cc(F)ccc21)c1nccs1,1.0,cyp_2d6,train,train
3792,O=C(O)c1ccccc1Oc1ccc(Cl)cc1NS(=O)(=O)c1ccc(Cl)c(Cl)c1,53.70318,cyp_2d6,test,train
3805,CC[C@@H](CO)NC(=O)[C@@H]1C=C2c3cccc4[nH]cc(c34)C[C@H]2N(C)C1,0.2,cyp_2d6,test,train
3806,CN(C)C(=O)C(CCN1CCC(O)(c2ccc(Cl)cc2)CC1)(c1ccccc1)c1ccccc1,2.0,cyp_2d6,test,train
3810,Cc1c(COc2cc(OCCC(C)(C)O)ccn2)[nH]c2ccccc2c1=O,14.0,cyp_2d6,train,train
3815,O=C(OCc1ccccc1)N1CCC(CNc2cccnc2)CC1,1.7,cyp_2d6,train,train
3838,O=S(=O)(Nc1ccc(-c2nnco2)cc1)c1cc(Cl)cc(Cl)c1,15.1,cyp_2d6,train,train
3840,COc1ccc(CCN(C)CCCC(C#N)(c2ccc(OC)c(OC)c2)C(C)C)cc1OC,43.3,cyp_2d6,test,train
3843,CN1C[C@H]2CCC[C@@]2(c2ccc(Cl)c(Cl)c2)C1,5.21,cyp_2d6,train,train
3845,Clc1ccc([C@@]23CCC[C@@H]2CNC3)cc1Cl,6.96,cyp_2d6,train,train
3858,C[C@H]([C@@H](c1ccc(Nc2nc3ccccc3s2)cc1)n1ccnc1)N(C)C,3.9,cyp_2d6,train,train
3859,FC(F)(F)c1ccccc1OC1CCN(c2ccc(-n3ccnc3)nn2)CC1,0.3,cyp_2d6,train,train
3865,C=CCn1c(C)c(C)c2cc(-n3ccccc3=O)nc(NCc3c(C)cccc3C)c21,26.0,cyp_2d6,test,train
3870,Cc1cc(OCC(O)CNC(C)(C)Cc2cc3ccccc3[nH]2)ccc1S(C)(=O)=O,0.04,cyp_2d6,train,train
3871,CC(=O)Nc1ccc(OCC(O)CNC(C)C)c2ccccc12,100.0,cyp_2d6,test,train
3872,NC1CN(c2cc(-c3ccsc3)ncn2)CC1c1cc(F)c(F)cc1F,0.098,cyp_2d6,train,train
3879,CC(=O)N1CCC(C(=O)N2C[C@H](c3noc(C(C)(C)c4cc(C(F)(F)F)cc(C(F)(F)F)c4)n3)[C@@H](c3ccc(F)cc3C)C2)CC1,63.0,cyp_2d6,train,train
3885,CC(=O)CN1CC[C@@H](CN2CCC[C@@H](Cc3ccc(F)cc3)C2)[C@H](NC(=O)Nc2nc(C)c(C(C)=O)s2)C1,3.9,cyp_2d6,train,train
3886,CC(=O)c1sc(NC(=O)N[C@@H]2COCC[C@H]2CN2CCC[C@@H](Cc3ccc(F)cc3)C2)nc1C,0.44,cyp_2d6,train,train
3896,CN(c1ccc2cn(C)nc2c1)c1ccnc(Nc2cccc(S(N)(=O)=O)c2)n1,18.0,cyp_2d6,train,train
3897,Cc1c2ccc(N(C)c3ccnc(Nc4cccc(S(N)(=O)=O)c4)n3)cc2nn1Cc1ccccc1,66.0,cyp_2d6,train,train
3901,CNCC1(O)Cc2ccccc2C1Sc1ccccc1C,0.4,cyp_2d6,test,train
3903,CCCCC1(C(=O)c2cc(F)c3[nH]ccc3c2)CCNC1,0.75,cyp_2d6,test,train
3911,Cc1nccnc1CC1=C(CCN(C)C)Cc2ccccc21,22.0,cyp_2d6,train,train
3916,CC(C)(C)Sc1c(CC(C)(C)C(=O)O)n(Cc2ccc(-c3nccs3)cc2)c2ccc(OCc3ccccn3)cc12,0.004,cyp_2d6,train,test
3918,O=C(OCc1ccccc1)N1CCC(CNc2ccncc2)CC1,15.0,cyp_2d6,train,train
3928,COc1ccc2c(CC(C)(C)NCC(O)COc3ccccc3C#N)c[nH]c2c1,0.42,cyp_2d6,train,train
3931,CN(C(=O)C1CCc2cc(S(N)(=O)=O)ccc2O1)[C@H](CN1CC[C@H](O)C1)c1ccccc1,1.8,cyp_2d6,train,train
3932,COC(=O)NCc1ccc2c(c1)CC[C@@H](C(=O)N(C)[C@H](CN1CC[C@H](O)C1)c1ccccc1)O2,14.0,cyp_2d6,train,test
3933,CC(=O)Nc1ccc2c(c1)CC(C(=O)N(C)[C@H](CN1CC[C@H](O)C1)c1ccccc1)O2,0.77,cyp_2d6,train,test
3936,Cc1cccc(C)c1CNc1nc(-c2ccccc2)cc2c(C)c(C)[nH]c12,0.6,cyp_2d6,train,train
3941,CC(C)NC[C@@H](O)COc1ccc(-c2ccccc2)c2ccccc12,21.0,cyp_2d6,train,train
3942,CC(C)N1CCC(Oc2ccc3c(c2)cc2n3CCN(Cc3ccc(F)cc3)C2=O)CC1,35.0,cyp_2d6,train,test
3958,c1ccc(OCCn2c(C3CCCN(Cc4ncco4)C3)nc3ccccc32)cc1,18.1,cyp_2d6,train,test
3960,Fc1ccc(Cn2c([C@H]3CNCCS3)nc3ccccc32)cc1,15.0,cyp_2d6,train,train
3962,CN(CC(O)(CNC(=O)c1cnn(-c2ccc(F)cc2)c1N)C(F)(F)F)C(=O)c1c(F)cccc1F,36.0,cyp_2d6,train,train
3963,Nc1c(C(=O)NCC(O)(CN(CCF)C(=O)c2c(F)cccc2F)C(F)(F)F)cnn1-c1ccc(F)cc1,20.0,cyp_2d6,train,test
3964,CCCCN1CCCCC1C(=O)Nc1c(C)cccc1C,0.4,cyp_2d6,train,train
3978,O=C(NO)c1cnc(N2C[C@@H]3[C@H](C2)[C@H]3NCc2ccc(Cl)cc2)nc1,10.0,cyp_2d6,train,test
3992,Cc1ccc2c(N3CCN(CCc4cccc(N5CCNC5=O)c4)CC3)cccc2n1,86.0,cyp_2d6,train,test
3999,CCc1nc(N)nc(N)c1-c1ccc2c(c1)N(CCCO)C(=O)C(C)(c1cc(F)cc(F)c1)O2,30.0,cyp_2d6,train,train
4001,O=C(Nc1cnc(-c2ccncc2)c(-c2ccncc2)n1)C1CC1,5.0,cyp_2d6,train,train
4003,Cc1cc(-c2ccccc2[C@@H](C)OC[C@H](O)CNC(C)(C)Cc2ccc(Cl)c(F)c2)ccc1C(=O)O,11.0,cyp_2d6,train,train
4004,C[C@H](C1=C(CCN(C)Cc2cnccn2)Cc2ccccc21)c1cnccn1,10.0,cyp_2d6,train,train
4008,CN[C@@H]1CCc2ccccc2[C@@H]1c1ccc(Cl)c(Cl)c1,0.033,cyp_2d6,train,test
4012,O=C(Nc1cccnn1)N1CCC(=Cc2cccc(Oc3ccc(C(F)(F)F)cn3)c2)CC1,14.5,cyp_2d6,train,test
4017,CN(C[C@@H]1CCCN1C(=O)C[C@H](N)Cc1cc(F)c(F)cc1F)C(=O)C(C)(C)C,6.3,cyp_2d6,train,test
4018,CC(C)(F)C(=O)NC[C@@H]1CCCN1C(=O)C[C@H](N)Cc1cc(F)c(F)cc1F,19.6,cyp_2d6,train,train
4019,N#Cc1ccc(NC[C@@H]2CCCN2C(=O)C[C@H](N)Cc2cc(F)c(F)cc2F)nc1,4.6,cyp_2d6,test,train
4026,O=C(NCC1CCOCC1)c1cnc(Nc2cc(F)cc(F)c2)nc1C(F)(F)F,45.0,cyp_2d6,train,train
4029,N[C@H]1Cn2c(nc3cnc(C(F)(F)F)cc32)C[C@@H]1c1cc(F)c(F)cc1F,11.0,cyp_2d6,test,train
4034,CC1=C(C(=O)Nc2ccc3[nH]ncc3c2)C(c2ccc(F)cc2)N=C(c2ccccc2)N1,0.09,cyp_2d6,train,train
4036,CCS(=O)(=O)N(Cc1ccccc1-c1ccccc1)[C@H]1CCNC1,1.89,cyp_2d6,train,train
4037,CCOC(=O)N(Cc1ccccc1-c1ccccc1)[C@@H]1CCNC1,0.35,cyp_2d6,train,test
4038,Clc1cccc(CN(C2CCOCC2)[C@H]2CCNC2)c1Cl,4.8,cyp_2d6,train,train
4046,O=C(N[C@@H]1C[C@H]2CC[C@@H](C1)N2Cc1ccc2cc(F)ccc2c1)c1cccnc1C(=O)N1CCCCC1,18.3,cyp_2d6,train,train
4052,CCCSc1nc2cc(OC)ccc2[nH]1,1.94,cyp_2d6,train,test
4053,CCCCCSc1nc2cc(OC)ccc2[nH]1,19.4,cyp_2d6,train,train
4054,CCCCCCCSc1nc2cc(OC)ccc2[nH]1,5.33,cyp_2d6,train,train
4061,CC(=O)c1sc(NC(=O)N[C@@H]2CN(C)CC[C@H]2CN2CCC[C@@H](Cc3ccc(F)cc3)C2)nc1C,7.4,cyp_2d6,train,train
4064,CN1CCCC(n2nc(Cc3ccc(Cl)cc3)c3ccccc3c2=O)CC1,1.0,cyp_2d6,train,train
4065,O=C(O)c1ccc(NC(=O)[C@H](C2CCCCC2)n2c(-c3ccc(Cl)cc3)nc3ccccc32)c(C(F)(F)F)c1,36.0,cyp_2d6,train,train
4068,CC(C)N1CCC(Oc2ccc3c(c2)cc2n3[C@H](C)CNC2=O)CC1,22.0,cyp_2d6,train,train
4071,C[C@H](C1=C(CCN(C)CCC(F)(F)F)Cc2ccccc21)c1cnccn1,7.224,cyp_2d6,train,train
4072,C[C@H](C1=C(CCN(C)Cc2nccn2C)Cc2ccccc21)c1cnccn1,5.684,cyp_2d6,test,train
4074,CCCCN(C)C(=O)c1ccc(-n2nc(C(F)(F)F)c3c2CCCC3)cc1,8.0,cyp_2d6,train,train
4075,CS(=O)(=O)c1ccc2c(c1)CCC1(CCN(C(=O)Cc3ccc(Cl)cc3Cl)CC1)O2,10.0,cyp_2d6,train,train
4080,N[C@@H](CC(=O)N1CCC[C@H]1CNS(=O)(=O)C(F)(F)F)Cc1cc(F)c(F)cc1F,12.4,cyp_2d6,train,test
4081,N[C@@H](CC(=O)N1CCC[C@H]1CNc1nccc(C(F)(F)F)n1)Cc1cc(F)c(F)cc1F,0.4,cyp_2d6,train,train
4082,Fc1ccc(Cn2c(N3CCC(n4cccc4)CC3)nc3ccccc32)cc1,1.534,cyp_2d6,train,train
4092,COc1ccccc1N1CCN(C(=O)c2cc(-c3ccc(Cl)cc3)n[nH]2)CC1,3.0,cyp_2d6,test,train
4096,CCNC(=O)c1ccc(C2=CC3(CCNCC3)Oc3ccccc32)cc1,0.089,cyp_2d6,train,test
4097,CNC(=O)c1ccc(C2=CC3(CCNCC3)Oc3ccccc32)cc1,1.2,cyp_2d6,train,test
4098,O=C(c1ccc(C2=CC3(CCNCC3)Oc3ccccc32)cc1)N1CCCCC1,4.4,cyp_2d6,test,test
4102,C1=C(CS/C(=N\C2CCCCC2)NC2CCCCC2)N2CCN=C2S1,6.78,cyp_2d6,train,train
4109,Cc1ccc2c(OCCN3CCN(Cc4ccc5c(c4)N(Cc4ccccc4)C(=O)CO5)CC3)cccc2n1,15.0,cyp_2d6,train,train
4118,CN1C[C@@H]2CCCC[C@]2(c2ccc(Cl)c(Cl)c2)C1,8.0,cyp_2d6,train,train
4119,CC(=O)c1sc(NC(=O)NC2(C)CN(C)C(=O)OC2CN2CCC[C@@H](Cc3ccc(F)cc3)C2)nc1C,21.0,cyp_2d6,train,test
4121,Cc1cc(-c2ccc(NS(=O)(=O)c3cc(C(F)(F)F)cc(C(F)(F)F)c3)cc2)ccn1,2.0,cyp_2d6,test,train
4122,O=S(=O)(Nc1ccc(-c2cncnc2)cc1)c1cc(Cl)cc(Cl)c1,7.2,cyp_2d6,test,train
4124,Cc1ccccc1[C@H]1C[C@@H](NCc2ccc(Cl)cc2)CC[C@@H]1C(=O)N1CC(c2ccccc2)(c2ccccc2)C1,20.0,cyp_2d6,train,train
4127,CN(C(=O)N1CC[C@H](n2cnc3cc(-c4ccc(Cl)cc4)sc3c2=O)C1)[C@H]1CCN(CCCc2ccccc2)C1,8.6,cyp_2d6,train,train
4131,CNCC[C@H](Oc1cccc2ccccc12)c1cccs1,1.49763,cyp_2d6,train,train
4134,CNC[C@H]1Cc2ccccc2[C@H](c2ccc(Cl)c(Cl)c2)C1,0.041,cyp_2d6,train,train
4138,CN1CC(Cl)=C(c2cn(S(=O)(=O)c3ccccc3)c3ccccc23)C1,21.1,cyp_2d6,train,train
4142,FC(F)(F)c1ccccc1CN(C1CCOCC1)[C@H]1CCNC1,30.0,cyp_2d6,train,train
4144,O=C(NCC1CCOCC1)c1cnc(Nc2cc(Cl)ccc2Cl)cc1C1CC1,42.0,cyp_2d6,test,test
4146,O=C(O)c1ccc(NC(=O)[C@H](C2CCCCC2)n2c(-c3ccc(Cl)cc3)nc3cc(F)c(F)cc32)c(Cl)c1,50.0,cyp_2d6,train,train
4147,CNCCC=C1c2ccccc2CCc2ccccc21,1.0,cyp_2d6,test,train
4148,CNS(=O)(=O)c1ccc2c(c1)CC(C(=O)N(C)[C@H](CN1CC[C@H](O)C1)c1ccccc1)O2,0.011,cyp_2d6,train,train
4149,CCN(CC)C(=O)N[C@H]1C=C2c3cccc4[nH]cc(c34)C[C@H]2N(C)C1,0.016,cyp_2d6,test,train
4153,O=C(O)c1ccc(NC(=O)[C@H](C2CCCCC2)n2c(-c3ccc(Cl)cc3)nc3cc(F)c(F)cc32)cc1,50.0,cyp_2d6,train,train
4162,CCC[C@@H]1CNCCN1c1ccc2[nH]ncc2c1,1.9,cyp_2d6,train,train
4163,c1cc2[nH]ncc2cc1N1CCNC[C@@H]1CC1CCOCC1,9.1,cyp_2d6,train,train
4166,CS(=O)(=O)c1ccc(-n2nc(C(F)(F)F)c3c2CCCC3)cc1,6.0,cyp_2d6,train,train
4170,O=C(c1ccccc1C(F)(F)F)N(CC1CCC1)[C@H]1CCNC1,15.1,cyp_2d6,test,test
4173,CN(C[C@@H]1CCCN1C(=O)C[C@H](N)Cc1cc(F)c(F)cc1F)C(=O)C(C)(F)F,0.1,cyp_2d6,train,train
4174,N[C@@H](CC(=O)N1CCC[C@H]1CNC(=O)C1(C(F)(F)F)CC1)Cc1cc(F)c(F)cc1F,3.6,cyp_2d6,train,test
4175,N[C@@H](CC(=O)N1CCC[C@H]1COCC1CC1)Cc1cc(F)c(F)cc1F,1.7,cyp_2d6,train,train
4176,N[C@@H](CC(=O)N1CCC[C@H]1CNc1ccc(F)cn1)Cc1cc(F)c(F)cc1F,0.8,cyp_2d6,test,train
4185,CC(C)CNC(=O)c1ccc(C2=CC3(CCNCC3)Oc3ccccc32)cc1,0.67,cyp_2d6,train,test
4186,CCN(CC)C(=O)c1ccc(C2=CC3(CCNCC3)Oc3ccccc32)cc1,4.3,cyp_2d6,train,train
4189,CS(=O)(=O)N1CC[C@H](N(Cc2ccccc2F)c2ccc(C#N)c(Cl)c2)C1,18.0,cyp_2d6,test,test
4190,COC(=O)N1CC[C@H](N(Cc2cc(F)ccc2C)c2ccc(C#N)c(Cl)c2)C1,28.0,cyp_2d6,test,test
4194,CCc1ccc(C(=O)C(C)CN2CCCCC2)cc1,4.9034,cyp_2d6,train,train
4195,CCN1C[C@H]2C[C@@H](N(Cc3ccc(F)c(C(F)(F)F)c3)C(=O)c3cn(C)cn3)C[C@H]2C1,1.8,cyp_2d6,test,train
4200,CC(F)CN1C[C@H]2C[C@@H](N(Cc3cccc(OC(F)(F)F)c3)C(=O)c3cn(C)cn3)C[C@H]2C1,1.3,cyp_2d6,test,train
4201,Cc1cccc(C)c1CNc1nc(-c2cccc(=O)[nH]2)cc2c(C)c(C)[nH]c12,60.0,cyp_2d6,test,train
4206,O=C(O)/C=C/c1ccc(NC(=O)C2(NC(=O)c3ccc4c(c3)nc(-c3ccccn3)n4C3CCCCC3)CCCC2)cc1,30.0,cyp_2d6,train,train
4207,O=C(O)/C=C/c1ccc(Cn2ccnc2)cc1OCCc1ccc2ccccc2c1,4.4,cyp_2d6,train,train
4213,NC(=O)c1ccc(C2=CC3(CCNCC3)Oc3ccccc32)cc1,0.44,cyp_2d6,train,train
4214,O=C(c1ccc(C2=CC3(CCNCC3)Oc3ccccc32)cc1)N1Cc2ccccc2C1,1.8,cyp_2d6,train,train
4215,CCN(CC)C(=O)c1ccc(C2=CC3(CCNCC3)Oc3ccccc32)c(C)c1,4.6,cyp_2d6,train,train
4230,Cn1c(=O)cc(Nc2cc(C(=O)NC3CC3)ccc2Cl)c2cnn(-c3ccc(F)cc3F)c21,22.7,cyp_2d6,train,train
4231,CCNCC1(O)Cc2ccccc2C1Oc1ccccc1C,1.3,cyp_2d6,train,train
4232,CNC[C@]1(O)Cc2ccccc2[C@@H]1Oc1cccc(C)c1C,4.0,cyp_2d6,train,train
4233,CNC[C@]1(O)Cc2ccccc2[C@@H]1Oc1c(C)cccc1F,1.0,cyp_2d6,train,train
4246,CC1(c2ccccc2)CCCN(C(=O)NCCc2ccc3nccnc3c2)C1,10.0,cyp_2d6,train,test
4257,C[C@H]1C[C@H](C(=O)O)CC[C@H]1NN1CC[C@@]2(S(=O)(=O)c3ccc(F)cc3)c3ccc(C(F)(C(F)(F)F)C(F)(F)F)cc3CC[C@@H]12,20.0,cyp_2d6,test,train
4264,N#Cc1ccc(Cl)cc1S[C@H](CCN)c1ccccc1,4.1,cyp_2d6,train,train
4268,Cc1ccc2c(OCCN3CCN(Cc4ccc5c(c4)N(CCc4ccccc4)C(=O)CO5)CC3)cccc2n1,14.0,cyp_2d6,train,train
4275,CNCC1(O)Cc2ccccc2C1Oc1ccccc1C,2.3,cyp_2d6,train,train
4276,O=C(c1ccccc1C1CCCC1)N(CC1CCC1)[C@H]1CCNC1,0.43,cyp_2d6,train,test
4280,NC1=N[C@@]2(c3ccc(F)cc3F)CO[C@@H](c3ncco3)C[C@H]2CS1,0.33,cyp_2d6,train,train
4283,CCN(CC)C(=O)c1ccc([C@H]2CC3(CCNCC3)Oc3ccccc32)cc1,7.1,cyp_2d6,train,train
4286,c1ncc(-c2ccc(OCCCN3CCC(Cc4c[nH]cn4)CC3)cc2)cn1,4.0,cyp_2d6,train,train
4287,c1nc(CC2CCN(CCCOc3ccc(OC4CCCCC4)cc3)CC2)c[nH]1,0.3,cyp_2d6,test,test
4288,c1nc(CC2CCN(CCOc3ccc(CN4CCCCC4)cc3)CC2)c[nH]1,3.0,cyp_2d6,train,train
4293,CCC(CCNC)Oc1cc(Cl)ccc1C#N,0.4,cyp_2d6,train,test
4294,Cc1ccc(C#N)c(S[C@H](CCN)c2ccccc2)n1,5.0,cyp_2d6,train,train
4299,Cc1nnc(C)n1-c1ccc(O[C@H]2c3cc(Cl)ccc3C[C@@H]2N2CCCC2)c(Cl)c1,2.5,cyp_2d6,train,test
4300,c1cnc2c(c1)CCC[C@@H]2N(CCCN1CCNCC1)Cc1cc2ccccc2cn1,2.96,cyp_2d6,test,train
4304,N#Cc1ccccc1C(=O)N1CCC(c2ccc(C(=O)NC(=N)N)cc2C(F)(F)F)CC1,10.0,cyp_2d6,test,train
4314,CNC1CCN(c2ccc(Cl)c(Cl)c2)c2ccccc21,3.0,cyp_2d6,train,train
4323,CN[C@@H]1Cc2ccccc2[C@@H](c2ccc(Cl)c(Cl)c2)C1,1.16,cyp_2d6,test,train
4324,NCC[C@H]1Cc2ccccc2[C@@H](c2ccc(Cl)c(Cl)c2)C1,13.8,cyp_2d6,test,train
4335,Clc1cc(Cl)c(Cl)c(O[C@H](c2ccccc2)[C@@H]2CCNC2)c1,1.99526,cyp_2d6,train,train
4337,Cc1cccc(C)c1CNc1cc(-n2cccn2)cn2c(C)c(C)nc12,11.0,cyp_2d6,train,test
4343,C[C@@H](c1cccnc1)c1c(CCN(C)C)sc2ccccc12,0.002,cyp_2d6,train,train
4350,c1ccc2c(c1)CC(CCN1CCC1)=C2Cc1cnccn1,8.845,cyp_2d6,train,train
4363,O=C(C=C1CCN(C(=O)c2ccccc2O)CC1)N[C@@H]1CCN(Cc2ccc3cc(F)ccc3c2)C1,29.0,cyp_2d6,train,train
4364,COc1ccc2c(OCC(O)CNC(C)C)cccc2c1,8.4,cyp_2d6,test,train
4366,COCCC1CNCCN1c1ccc2[nH]ncc2c1,0.22,cyp_2d6,train,train
4376,Cc1cc(OCC(=O)Nc2cc(-n3nc(C)cc3C)nc(-c3ccc(C)o3)n2)cc(C)n1,0.05,cyp_2d6,test,train
4379,CC(C)(C)OC(=O)NCc1noc(-c2nn(Cc3ccc4c(c3)OCO4)c3ccccc23)n1,3.3,cyp_2d6,test,train
4386,O=C(N[C@@H]1C[C@H]2CC[C@@H](C1)N2Cc1ccc2cc(F)ccc2c1)c1ccccc1-c1ccccn1,4.0,cyp_2d6,train,train
4387,O=C(N[C@@H]1C[C@H]2CC[C@@H](C1)N2Cc1ccc2cc(F)ccc2c1)c1ccccc1C(=O)N1CCCCCC1,3.0,cyp_2d6,train,test
4388,Cn1cnc(C(=O)N(Cc2cccc(OC(F)(F)F)c2)[C@@H]2C[C@@H]3CN(CC(C)(C)O)C[C@@H]3C2)c1,1.1,cyp_2d6,test,train
4390,O=C(Nc1ccc(Cl)cc1)N1CCCC(CCC2=NNNN2)(c2ccccc2)C1,10.0,cyp_2d6,train,train
4395,NC(=O)Nc1cccc(O[C@H]2c3ccccc3C[C@@H]2N2CCC[C@@H](N)C2)c1,8.6,cyp_2d6,train,train
4396,CC(C)(Cc1ccc2ccccc2c1)NC[C@@H](O)COc1cccc(Cl)c1C#N,4.5e-05,cyp_2d6,test,test
4401,CC(C)c1nc(CN(C)C(=O)N[C@@H](CO)C(=O)N[C@@H](CC[C@@H](Cc2ccccc2)NC(=O)OCc2cncs2)Cc2ccccc2)cs1,1.3,cyp_2d6,train,test
4404,CNCc1cc(=O)oc2cc(OCc3cccc(Cl)c3)ccc12,5.0,cyp_2d6,train,train
4426,CCOC(=O)N1CC[C@H](N(Cc2cc(F)ccc2C)c2ccc(C#N)c(Cl)c2)C1,22.0,cyp_2d6,test,train
4427,Cc1cccc(C)c1COc1cccn2c(C)c(C)nc12,2.3,cyp_2d6,train,train
4428,Cc1cccc(C)c1CNc1ncnc2c(C)c(C)[nH]c12,0.3,cyp_2d6,train,train
4433,CCc1cccc(C)c1CNc1cc(C(N)=O)cn2c(C)c(C)nc12,9.2,cyp_2d6,train,train
4434,Cc1c(C)n(C[C@H]2C[C@@H]2C)c2c(OCc3ccc(F)cc3)nncc12,4.4,cyp_2d6,train,train
4437,O=C(Cn1c(=O)sc2ccc(Cl)cc21)N1CCCC(c2ccccc2)C1CN1CCCC1,1.7,cyp_2d6,train,train
4438,Cc1cc2ncc(=O)n(CC(=O)N3CCCC(c4ccccc4)C3CN3CCOCC3)c2cc1C,6.7,cyp_2d6,train,test
4439,COCCN(CC(=O)N1CCCC(c2ccccc2)C1CN1CCCC1)c1ccc(Cl)c(Cl)c1,0.82,cyp_2d6,train,train
4440,CS(=O)(=O)N1CC[C@H](N(Cc2ccccc2C(F)(F)F)c2ccc(C#N)c(Cl)c2)C1,15.0,cyp_2d6,test,train
4446,CN1C[C@@H](NC(=O)Nc2cccc(-c3nnnn3C)c2)[C@H](CN2CCC[C@@H](Cc3ccc(F)cc3)C2)OC1=O,4.3,cyp_2d6,train,train
4451,CN(C(=O)N1CC[C@H](n2cnc3cc(-c4ccc(Cl)cc4)sc3c2=O)C1)[C@H]1CCN(C2CCOCC2)C1,22.5,cyp_2d6,train,train
4456,Clc1cccc(CN(Cc2ccccn2)[C@@H]2CCNC2)c1Cl,0.5,cyp_2d6,train,train
4458,CN(C(=O)CC(=O)Nc1nccs1)[C@H](CN1CC[C@H](O)C1)c1ccccc1,0.7,cyp_2d6,train,train
4459,CN(C(=O)CC(=O)Nc1ccc(CNS(C)(=O)=O)cc1)[C@H](CN1CC[C@H](O)C1)c1ccccc1,5.4,cyp_2d6,train,train
4463,CCCCc1ccc(S(=O)(=O)Nc2ccc3c(c2)CCN(C)CC3)cc1,1.6,cyp_2d6,test,train
4464,Cc1nc2ccccc2n1C1CCN(CCC(c2ccccc2)c2ccccc2)CC1,0.04,cyp_2d6,train,train
4470,CC(C)(Cc1cc2ccccc2[nH]1)NCC(O)COc1ccccc1S(C)(=O)=O,0.11,cyp_2d6,train,train
4480,CCN(CC(O)(CNC(=O)c1cnn(-c2ccc(F)cc2)c1N)C(F)(F)F)C(=O)c1c(F)cccc1F,74.0,cyp_2d6,train,train
4482,COc1cccc(Cn2c(=O)n(C3CCN(C(=O)C4CCN(Cc5ccncc5)CC4)CC3)c3ccccc32)c1,5.6,cyp_2d6,test,train
4483,O=C(C1CCN(Cc2ccncc2)CC1)N1CCC(n2c(=O)n(Cc3cccc(Cl)c3)c3ccccc32)CC1,4.2,cyp_2d6,test,train
4490,CC(C)[C@H](C[C@@H](O)N1CCC[C@@H](Cc2ccc(F)cc2)C1)NC(=O)Nc1cccc(-c2nnnn2C)c1,0.3,cyp_2d6,train,train
4491,C[C@H](C[C@@H](O)N1CCC[C@@H](Cc2ccc(F)cc2)C1)NC(=O)Nc1cc(-n2ccnn2)cc(-n2ccnn2)c1,0.9,cyp_2d6,train,train
4492,CCC[C@H](CCN1CCC[C@@H](Cc2ccc(F)cc2)C1)NC(=O)Nc1cc(-c2nnnn2C)cc(C(C)(C)O)c1,1.0,cyp_2d6,train,train
4493,O=C(NCCCN1CCC[C@@H](Cc2ccc(F)cc2)C1)Nc1cc(-n2cccn2)cc(-n2cccn2)c1,2.8,cyp_2d6,train,train
4496,CCNc1cc(C(=O)N[C@@H](Cc2ccccc2)[C@H](O)CNCc2cccc(C(F)(F)F)c2)c(F)c(N2CCCC2=O)c1,11.0,cyp_2d6,train,train
4497,Cn1cc(S(=O)(=O)N2CCC3=Cc4c(cnn4-c4ccc(F)cc4)C[C@]3(C(=O)c3cc(C(F)(F)F)ccn3)C2)cn1,9.0,cyp_2d6,train,test
4505,Cc1cc2c(cc1C)N(CC(=O)N1CCCC(c3ccccc3)C1CN1CCCC1)C(=O)CO2,5.1,cyp_2d6,train,test
